datum,faze,typ,puvodni_cesta,nova_cesta,velikost_B,stav
"261004","1c","soubor","UpdraftPlus/backup_2022-07-07-1459_LCEnglish_7ecc88a84805-themes.zip","9  Temp/Ke smazání/1c UpdraftPlus – staré sady/backup_2022-07-07-1459_LCEnglish_7ecc88a84805-themes.zip","6422692","OK"
"261004","1c","soubor","UpdraftPlus/backup_2022-07-07-1459_LCEnglish_7ecc88a84805-plugins.zip","9  Temp/Ke smazání/1c UpdraftPlus – staré sady/backup_2022-07-07-1459_LCEnglish_7ecc88a84805-plugins.zip","61647983","OK"
"261004","1c","soubor","UpdraftPlus/backup_2022-07-07-1459_LCEnglish_7ecc88a84805-db.gz","9  Temp/Ke smazání/1c UpdraftPlus – staré sady/backup_2022-07-07-1459_LCEnglish_7ecc88a84805-db.gz","3578788","OK"
"261004","1c","soubor","UpdraftPlus/backup_2023-05-09-1847_Lenka_Dvokov_2b55f25b29df-plugins.zip","9  Temp/Ke smazání/1c UpdraftPlus – staré sady/backup_2023-05-09-1847_Lenka_Dvokov_2b55f25b29df-plugins.zip","67705499","OK"
"261004","1c","soubor","UpdraftPlus/backup_2023-05-09-1847_Lenka_Dvokov_2b55f25b29df-themes.zip","9  Temp/Ke smazání/1c UpdraftPlus – staré sady/backup_2023-05-09-1847_Lenka_Dvokov_2b55f25b29df-themes.zip","2407092","OK"
"261004","1c","soubor","UpdraftPlus/backup_2023-05-09-1847_Lenka_Dvokov_2b55f25b29df-uploads2.zip","9  Temp/Ke smazání/1c UpdraftPlus – staré sady/backup_2023-05-09-1847_Lenka_Dvokov_2b55f25b29df-uploads2.zip","9293929","OK"
"261004","1c","soubor","UpdraftPlus/backup_2023-05-09-1847_Lenka_Dvokov_2b55f25b29df-db.gz","9  Temp/Ke smazání/1c UpdraftPlus – staré sady/backup_2023-05-09-1847_Lenka_Dvokov_2b55f25b29df-db.gz","509679","OK"
"261004","1c","soubor","UpdraftPlus/backup_2023-05-09-1847_Lenka_Dvokov_2b55f25b29df-others.zip","9  Temp/Ke smazání/1c UpdraftPlus – staré sady/backup_2023-05-09-1847_Lenka_Dvokov_2b55f25b29df-others.zip","41782328","OK"
"261004","1c","soubor","UpdraftPlus/backup_2025-02-05-2226_Lenka_Dvokov_9c5d876e6e0f-plugins.zip","9  Temp/Ke smazání/1c UpdraftPlus – staré sady/backup_2025-02-05-2226_Lenka_Dvokov_9c5d876e6e0f-plugins.zip","84193423","OK"
"261004","1c","soubor","UpdraftPlus/backup_2025-02-05-2226_Lenka_Dvokov_9c5d876e6e0f-uploads.zip","9  Temp/Ke smazání/1c UpdraftPlus – staré sady/backup_2025-02-05-2226_Lenka_Dvokov_9c5d876e6e0f-uploads.zip","12207694","OK"
"261004","1c","soubor","UpdraftPlus/backup_2025-02-05-2226_Lenka_Dvokov_9c5d876e6e0f-themes.zip","9  Temp/Ke smazání/1c UpdraftPlus – staré sady/backup_2025-02-05-2226_Lenka_Dvokov_9c5d876e6e0f-themes.zip","11388510","OK"
"261004","1c","soubor","UpdraftPlus/backup_2025-02-05-2226_Lenka_Dvokov_9c5d876e6e0f-db.gz","9  Temp/Ke smazání/1c UpdraftPlus – staré sady/backup_2025-02-05-2226_Lenka_Dvokov_9c5d876e6e0f-db.gz","3324327","OK"
"261004","1c","soubor","UpdraftPlus/backup_2025-02-05-2226_Lenka_Dvokov_9c5d876e6e0f-others.zip","9  Temp/Ke smazání/1c UpdraftPlus – staré sady/backup_2025-02-05-2226_Lenka_Dvokov_9c5d876e6e0f-others.zip","64094635","OK"
"261004","1c","soubor","UpdraftPlus/backup_2026-03-27-1446_LCEnglish_cc61e44269a7-themes.zip","9  Temp/Ke smazání/1c UpdraftPlus – staré sady/backup_2026-03-27-1446_LCEnglish_cc61e44269a7-themes.zip","20692801","OK"
"261004","1c","soubor","UpdraftPlus/backup_2026-03-27-1446_LCEnglish_cc61e44269a7-plugins.zip","9  Temp/Ke smazání/1c UpdraftPlus – staré sady/backup_2026-03-27-1446_LCEnglish_cc61e44269a7-plugins.zip","100301024","OK"
"261004","1c","soubor","UpdraftPlus/backup_2026-03-27-1446_LCEnglish_cc61e44269a7-db.gz","9  Temp/Ke smazání/1c UpdraftPlus – staré sady/backup_2026-03-27-1446_LCEnglish_cc61e44269a7-db.gz","6727189","OK"
"261004","1c","soubor","UpdraftPlus/backup_2026-03-27-1446_LCEnglish_cc61e44269a7-others.zip","9  Temp/Ke smazání/1c UpdraftPlus – staré sady/backup_2026-03-27-1446_LCEnglish_cc61e44269a7-others.zip","72484358","OK"
"261004","1c","soubor","UpdraftPlus/backup_2026-03-27-1446_LCEnglish_cc61e44269a7-uploads.zip","9  Temp/Ke smazání/1c UpdraftPlus – staré sady/backup_2026-03-27-1446_LCEnglish_cc61e44269a7-uploads.zip","266256319","OK"
"261004","1d","soubor","3  LCEnglish 🎬/Products/NAUČTE SE UČIT ANGLICKY/10xE VIDEOS postproduction/MODULES/4 TRÉNUJEME PSANÍ/0 Úvod/Premiere/Copied_M4 Psaní úvod/Media Cache/M4 psaní 2E.wav 32000.pek","9  Temp/Ke smazání/1d Premiere cache/001 M4 psaní 2E.wav 32000.pek","73796","OK"
"261004","1d","soubor","3  LCEnglish 🎬/Products/NAUČTE SE UČIT ANGLICKY/10xE VIDEOS postproduction/MODULES/4 TRÉNUJEME PSANÍ/0 Úvod/Premiere/Copied_M4 Psaní úvod/Media Cache/M4 psaní 1E.wav 32000.pek","9  Temp/Ke smazání/1d Premiere cache/002 M4 psaní 1E.wav 32000.pek","80964","OK"
"261004","1d","soubor","3  LCEnglish 🎬/Products/NAUČTE SE UČIT ANGLICKY/10xE VIDEOS postproduction/MODULES/4 TRÉNUJEME PSANÍ/0 Úvod/Premiere/Copied_M4 Psaní úvod/Media Cache/M4 psaní1.MP4 48000.pek","9  Temp/Ke smazání/1d Premiere cache/003 M4 psaní1.MP4 48000.pek","231492","OK"
"261004","1d","soubor","3  LCEnglish 🎬/Products/NAUČTE SE UČIT ANGLICKY/10xE VIDEOS postproduction/MODULES/4 TRÉNUJEME PSANÍ/0 Úvod/Premiere/Copied_M4 Psaní úvod/Media Cache/M4 psaní2.MP4 48000.pek","9  Temp/Ke smazání/1d Premiere cache/004 M4 psaní2.MP4 48000.pek","233540","OK"
"261004","1d","soubor","3  LCEnglish 🎬/Products/NAUČTE SE UČIT ANGLICKY/10xE VIDEOS postproduction/MODULES/1 POROZUMĚNÍ MLUVENÉ ANGLIČTINĚ/0 Úvod/PremPro/Copied_M1 Porozumění úvod/Media Cache/Úvod3E.wav 32000.pek","9  Temp/Ke smazání/1d Premiere cache/005 Úvod3E.wav 32000.pek","142404","OK"
"261004","1d","soubor","3  LCEnglish 🎬/Products/NAUČTE SE UČIT ANGLICKY/10xE VIDEOS postproduction/MODULES/1 POROZUMĚNÍ MLUVENÉ ANGLIČTINĚ/0 Úvod/PremPro/Copied_M1 Porozumění úvod/Media Cache/Úvod1E.wav 32000.pek","9  Temp/Ke smazání/1d Premiere cache/006 Úvod1E.wav 32000.pek","152644","OK"
"261004","1d","soubor","3  LCEnglish 🎬/Products/NAUČTE SE UČIT ANGLICKY/10xE VIDEOS postproduction/MODULES/1 POROZUMĚNÍ MLUVENÉ ANGLIČTINĚ/0 Úvod/PremPro/Copied_M1 Porozumění úvod/Media Cache/Úvod2.MP4 48000.pek","9  Temp/Ke smazání/1d Premiere cache/007 Úvod2.MP4 48000.pek","530500","OK"
"261004","1d","soubor","3  LCEnglish 🎬/Products/NAUČTE SE UČIT ANGLICKY/10xE VIDEOS postproduction/MODULES/1 POROZUMĚNÍ MLUVENÉ ANGLIČTINĚ/0 Úvod/PremPro/Copied_M1 Porozumění úvod/Media Cache/Úvod3.MP4 48000.pek","9  Temp/Ke smazání/1d Premiere cache/008 Úvod3.MP4 48000.pek","430148","OK"
"261004","1d","soubor","3  LCEnglish 🎬/Products/NAUČTE SE UČIT ANGLICKY/10xE VIDEOS postproduction/MODULES/1 POROZUMĚNÍ MLUVENÉ ANGLIČTINĚ/0 Úvod/PremPro/Copied_M1 Porozumění úvod/Media Cache/M1 porozumění1E.wav 32000.pek","9  Temp/Ke smazání/1d Premiere cache/009 M1 porozumění1E.wav 32000.pek","35908","OK"
"261004","1d","soubor","3  LCEnglish 🎬/Products/NAUČTE SE UČIT ANGLICKY/10xE VIDEOS postproduction/MODULES/1 POROZUMĚNÍ MLUVENÉ ANGLIČTINĚ/0 Úvod/PremPro/Copied_M1 Porozumění úvod/Media Cache/M1 porozumění2E.wav 32000.pek","9  Temp/Ke smazání/1d Premiere cache/010 M1 porozumění2E.wav 32000.pek","38980","OK"
"261004","1d","soubor","3  LCEnglish 🎬/Products/NAUČTE SE UČIT ANGLICKY/10xE VIDEOS postproduction/MODULES/1 POROZUMĚNÍ MLUVENÉ ANGLIČTINĚ/0 Úvod/PremPro/Copied_M1 Porozumění úvod/Media Cache/M1 porozumění1.MP4 48000.pek","9  Temp/Ke smazání/1d Premiere cache/011 M1 porozumění1.MP4 48000.pek","159812","OK"
"261004","1d","soubor","3  LCEnglish 🎬/Products/NAUČTE SE UČIT ANGLICKY/10xE VIDEOS postproduction/MODULES/1 POROZUMĚNÍ MLUVENÉ ANGLIČTINĚ/0 Úvod/PremPro/Copied_M1 Porozumění úvod/Media Cache/M1 porozumění2.MP4 48000.pek","9  Temp/Ke smazání/1d Premiere cache/012 M1 porozumění2.MP4 48000.pek","135236","OK"
"261004","1d","soubor","3  LCEnglish 🎬/Products/NAUČTE SE UČIT ANGLICKY/10xE VIDEOS postproduction/MODULES/3 JAK ZLEPŠIT MLUVENÍ/0 Úvod/PremPro/Copied_M3 mluvení úvod/Media Cache/M3 mluvení2E.wav 32000.pek","9  Temp/Ke smazání/1d Premiere cache/013 M3 mluvení2E.wav 32000.pek","75844","OK"
"261004","1d","soubor","3  LCEnglish 🎬/Products/NAUČTE SE UČIT ANGLICKY/10xE VIDEOS postproduction/MODULES/3 JAK ZLEPŠIT MLUVENÍ/0 Úvod/PremPro/Copied_M3 mluvení úvod/Media Cache/M3 mluvení1E.wav 32000.pek","9  Temp/Ke smazání/1d Premiere cache/014 M3 mluvení1E.wav 32000.pek","79940","OK"
"261004","1d","soubor","3  LCEnglish 🎬/Products/NAUČTE SE UČIT ANGLICKY/10xE VIDEOS postproduction/MODULES/3 JAK ZLEPŠIT MLUVENÍ/0 Úvod/PremPro/Copied_M3 mluvení úvod/Media Cache/M3 mluvení2 (2).MP4 48000.pek","9  Temp/Ke smazání/1d Premiere cache/015 M3 mluvení2 (2).MP4 48000.pek","223300","OK"
"261004","1d","soubor","3  LCEnglish 🎬/Products/NAUČTE SE UČIT ANGLICKY/10xE VIDEOS postproduction/MODULES/3 JAK ZLEPŠIT MLUVENÍ/0 Úvod/PremPro/Copied_M3 mluvení úvod/Media Cache/M3 mluvení2.MP4 48000.pek","9  Temp/Ke smazání/1d Premiere cache/016 M3 mluvení2.MP4 48000.pek","251972","OK"
"261004","1d","soubor","3  LCEnglish 🎬/Products/NAUČTE SE UČIT ANGLICKY/10xE VIDEOS postproduction/MODULES/2 ZAPRACUJTE NA SLOVNÍ ZÁSOBĚ/0 Úvod/PremPro/Copied_M2 Slovní zásoba/Media Cache/M2 čtení1E.wav 32000.pek","9  Temp/Ke smazání/1d Premiere cache/017 M2 čtení1E.wav 32000.pek","128068","OK"
"261004","1d","soubor","3  LCEnglish 🎬/Products/NAUČTE SE UČIT ANGLICKY/10xE VIDEOS postproduction/MODULES/2 ZAPRACUJTE NA SLOVNÍ ZÁSOBĚ/0 Úvod/PremPro/Copied_M2 Slovní zásoba/Media Cache/M2 čtení2E.wav 32000.pek","9  Temp/Ke smazání/1d Premiere cache/018 M2 čtení2E.wav 32000.pek","65604","OK"
"261004","1d","soubor","3  LCEnglish 🎬/Products/NAUČTE SE UČIT ANGLICKY/10xE VIDEOS postproduction/MODULES/2 ZAPRACUJTE NA SLOVNÍ ZÁSOBĚ/0 Úvod/PremPro/Copied_M2 Slovní zásoba/Media Cache/M2 čtení1.MP4 48000.pek","9  Temp/Ke smazání/1d Premiere cache/019 M2 čtení1.MP4 48000.pek","401476","OK"
"261004","1d","soubor","3  LCEnglish 🎬/Products/NAUČTE SE UČIT ANGLICKY/10xE VIDEOS postproduction/MODULES/2 ZAPRACUJTE NA SLOVNÍ ZÁSOBĚ/0 Úvod/PremPro/Copied_M2 Slovní zásoba/Media Cache/M2 čtení2.MP4 48000.pek","9  Temp/Ke smazání/1d Premiere cache/020 M2 čtení2.MP4 48000.pek","194628","OK"
"261004","1d","soubor","3  LCEnglish 🎬/Products/NAUČTE SE UČIT ANGLICKY/10xE VIDEOS postproduction/MODULES/5 PILUJEME GRAMATIKU/0 Úvod/Premiere/Copied_M5 gramatika úvod/Media Cache/M5 gramatika1E.wav 32000.pek","9  Temp/Ke smazání/1d Premiere cache/021 M5 gramatika1E.wav 32000.pek","93252","OK"
"261004","1d","soubor","3  LCEnglish 🎬/Products/NAUČTE SE UČIT ANGLICKY/10xE VIDEOS postproduction/MODULES/5 PILUJEME GRAMATIKU/0 Úvod/Premiere/Copied_M5 gramatika úvod/Media Cache/M5 gramatika.MP4 48000.pek","9  Temp/Ke smazání/1d Premiere cache/022 M5 gramatika.MP4 48000.pek","272452","OK"
"261004","1d","soubor","3  LCEnglish 🎬/Products/NAUČTE SE UČIT ANGLICKY/10xE VIDEOS postproduction/MODULES/0 JAK SE UČIT ANGLICKY - LÉPE A RADOSTNĚJI/3 Stínování/PremPro/Copied_Stínování/Media Cache/Stínování2E.wav 32000.pek","9  Temp/Ke smazání/1d Premiere cache/023 Stínování2E.wav 32000.pek","262212","OK"
"261004","1d","soubor","3  LCEnglish 🎬/Products/NAUČTE SE UČIT ANGLICKY/10xE VIDEOS postproduction/MODULES/0 JAK SE UČIT ANGLICKY - LÉPE A RADOSTNĚJI/3 Stínování/PremPro/Copied_Stínování/Media Cache/Stínování1E.wav 32000.pek","9  Temp/Ke smazání/1d Premiere cache/024 Stínování1E.wav 32000.pek","410692","OK"
"261004","1d","soubor","3  LCEnglish 🎬/Products/NAUČTE SE UČIT ANGLICKY/10xE VIDEOS postproduction/MODULES/0 JAK SE UČIT ANGLICKY - LÉPE A RADOSTNĚJI/3 Stínování/PremPro/Copied_Stínování/Media Cache/Stínování1.MP4 48000.pek","9  Temp/Ke smazání/1d Premiere cache/025 Stínování1.MP4 48000.pek","1232964","OK"
"261004","1d","soubor","3  LCEnglish 🎬/Products/NAUČTE SE UČIT ANGLICKY/10xE VIDEOS postproduction/MODULES/0 JAK SE UČIT ANGLICKY - LÉPE A RADOSTNĚJI/3 Stínování/PremPro/Copied_Stínování/Media Cache/Stínování2.MP4 48000.pek","9  Temp/Ke smazání/1d Premiere cache/026 Stínování2.MP4 48000.pek","778308","OK"
"261004","1d","soubor","3  LCEnglish 🎬/Products/NAUČTE SE UČIT ANGLICKY/10xE VIDEOS postproduction/MODULES/0 JAK SE UČIT ANGLICKY - LÉPE A RADOSTNĚJI/3 Stínování/PremPro/Copied_Stínování/Media Cache/stínování + plánování Audio Extracted.wav 44100.pek","9  Temp/Ke smazání/1d Premiere cache/027 stínování + plánování Audio Extracted.wav 44100.pek","151620","OK"
"261004","1d","soubor","3  LCEnglish 🎬/Products/NAUČTE SE UČIT ANGLICKY/10xE VIDEOS postproduction/MODULES/0 JAK SE UČIT ANGLICKY - LÉPE A RADOSTNĚJI/3 Stínování/PremPro/Copied_Stínování/Media Cache/stínování + plánování Audio Extracted Audio Extracted.wav 44100_1.pek","9  Temp/Ke smazání/1d Premiere cache/028 stínování + plánování Audio Extracted Audio Extracted.wav 44100_1.pek","151620","OK"
"261004","1d","soubor","3  LCEnglish 🎬/Products/NAUČTE SE UČIT ANGLICKY/10xE VIDEOS postproduction/MODULES/0 JAK SE UČIT ANGLICKY - LÉPE A RADOSTNĚJI/3 Stínování/PremPro/Copied_Stínování/Media Cache/stínování + plánování.mp4 44100_1.pek","9  Temp/Ke smazání/1d Premiere cache/029 stínování + plánování.mp4 44100_1.pek","573508","OK"
"261004","1d","soubor","3  LCEnglish 🎬/Products/NAUČTE SE UČIT ANGLICKY/10xE VIDEOS postproduction/MODULES/0 JAK SE UČIT ANGLICKY - LÉPE A RADOSTNĚJI/3 Stínování/PremPro/Copied_Stínování/Adobe Premiere Pro Audio Previews/Stínování_1.PRV/1dd7afc2-5364-407b-9901-f2076356f8cb+40c6323d-259e-e917-43ea-271500000049 48000.cfa","9  Temp/Ke smazání/1d Premiere cache/030 1dd7afc2-5364-407b-9901-f2076356f8cb+40c6323d-259e-e917-43ea-271500000049 48000.cfa","5767168","OK"
"261004","1d","soubor","3  LCEnglish 🎬/Products/NAUČTE SE UČIT ANGLICKY/10xE VIDEOS postproduction/MODULES/0 JAK SE UČIT ANGLICKY - LÉPE A RADOSTNĚJI/1 Než se do toho pustíte/PremPro/Copied_1 úvod/Media Cache/Úvod3E.wav 32000.pek","9  Temp/Ke smazání/1d Premiere cache/031 Úvod3E.wav 32000.pek","142404","OK"
"261004","1d","soubor","3  LCEnglish 🎬/Products/NAUČTE SE UČIT ANGLICKY/10xE VIDEOS postproduction/MODULES/0 JAK SE UČIT ANGLICKY - LÉPE A RADOSTNĚJI/1 Než se do toho pustíte/PremPro/Copied_1 úvod/Media Cache/Úvod1E.wav 32000.pek","9  Temp/Ke smazání/1d Premiere cache/032 Úvod1E.wav 32000.pek","152644","OK"
"261004","1d","soubor","3  LCEnglish 🎬/Products/NAUČTE SE UČIT ANGLICKY/10xE VIDEOS postproduction/MODULES/0 JAK SE UČIT ANGLICKY - LÉPE A RADOSTNĚJI/1 Než se do toho pustíte/PremPro/Copied_1 úvod/Media Cache/Úvod1.MP4 48000.pek","9  Temp/Ke smazání/1d Premiere cache/033 Úvod1.MP4 48000.pek","452676","OK"
"261004","1d","soubor","3  LCEnglish 🎬/Products/NAUČTE SE UČIT ANGLICKY/10xE VIDEOS postproduction/MODULES/0 JAK SE UČIT ANGLICKY - LÉPE A RADOSTNĚJI/1 Než se do toho pustíte/PremPro/Copied_1 úvod/Media Cache/Úvod2.MP4 48000.pek","9  Temp/Ke smazání/1d Premiere cache/034 Úvod2.MP4 48000.pek","530500","OK"
"261004","1d","soubor","3  LCEnglish 🎬/Products/NAUČTE SE UČIT ANGLICKY/10xE VIDEOS postproduction/MODULES/0 JAK SE UČIT ANGLICKY - LÉPE A RADOSTNĚJI/1 Než se do toho pustíte/PremPro/Copied_1 úvod/Media Cache/Úvod3.MP4 48000.pek","9  Temp/Ke smazání/1d Premiere cache/035 Úvod3.MP4 48000.pek","430148","OK"
"261004","1d","soubor","3  LCEnglish 🎬/Products/NAUČTE SE UČIT ANGLICKY/10xE VIDEOS postproduction/MODULES/0 JAK SE UČIT ANGLICKY - LÉPE A RADOSTNĚJI/2 Průvodce/PremPro/Copied_2 Průvodce/Media Cache/Průvodce2E.wav 32000.pek","9  Temp/Ke smazání/1d Premiere cache/036 Průvodce2E.wav 32000.pek","92228","OK"
"261004","1d","soubor","3  LCEnglish 🎬/Products/NAUČTE SE UČIT ANGLICKY/10xE VIDEOS postproduction/MODULES/0 JAK SE UČIT ANGLICKY - LÉPE A RADOSTNĚJI/2 Průvodce/PremPro/Copied_2 Průvodce/Media Cache/Průvodce1E.wav 32000.pek","9  Temp/Ke smazání/1d Premiere cache/037 Průvodce1E.wav 32000.pek","173124","OK"
"261004","1d","soubor","3  LCEnglish 🎬/Products/NAUČTE SE UČIT ANGLICKY/10xE VIDEOS postproduction/MODULES/0 JAK SE UČIT ANGLICKY - LÉPE A RADOSTNĚJI/2 Průvodce/PremPro/Copied_2 Průvodce/Media Cache/Průvodce1.MP4 48000.pek","9  Temp/Ke smazání/1d Premiere cache/038 Průvodce1.MP4 48000.pek","518212","OK"
"261004","1d","soubor","3  LCEnglish 🎬/Products/NAUČTE SE UČIT ANGLICKY/10xE VIDEOS postproduction/MODULES/0 JAK SE UČIT ANGLICKY - LÉPE A RADOSTNĚJI/2 Průvodce/PremPro/Copied_2 Průvodce/Media Cache/Průvodce2.MP4 48000.pek","9  Temp/Ke smazání/1d Premiere cache/039 Průvodce2.MP4 48000.pek","274500","OK"
"261004","1d","soubor","3  LCEnglish 🎬/Products/NAUČTE SE UČIT ANGLICKY/10xE VIDEOS postproduction/MODULES/6 ZÁVĚREČNÁ INVENTURA A PLÁN/1 Jak dál/PremPro/Copied_Plán/Media Cache/Plán2.wav 32000.pek","9  Temp/Ke smazání/1d Premiere cache/040 Plán2.wav 32000.pek","100420","OK"
"261004","1d","soubor","3  LCEnglish 🎬/Products/NAUČTE SE UČIT ANGLICKY/10xE VIDEOS postproduction/MODULES/6 ZÁVĚREČNÁ INVENTURA A PLÁN/1 Jak dál/PremPro/Copied_Plán/Media Cache/Plán1E.wav 32000.pek","9  Temp/Ke smazání/1d Premiere cache/041 Plán1E.wav 32000.pek","318532","OK"
"261004","1d","soubor","3  LCEnglish 🎬/Products/NAUČTE SE UČIT ANGLICKY/10xE VIDEOS postproduction/MODULES/6 ZÁVĚREČNÁ INVENTURA A PLÁN/1 Jak dál/PremPro/Copied_Plán/Media Cache/Plán1.MP4 48000.pek","9  Temp/Ke smazání/1d Premiere cache/042 Plán1.MP4 48000.pek","964676","OK"
"261004","1d","soubor","3  LCEnglish 🎬/Products/NAUČTE SE UČIT ANGLICKY/10xE VIDEOS postproduction/MODULES/6 ZÁVĚREČNÁ INVENTURA A PLÁN/1 Jak dál/PremPro/Copied_Plán/Media Cache/Plán2.MP4 48000.pek","9  Temp/Ke smazání/1d Premiere cache/043 Plán2.MP4 48000.pek","288836","OK"
"261004","1d","soubor","3  LCEnglish 🎬/Products/NAUČTE SE UČIT ANGLICKY/10xE VIDEOS postproduction/MODULES/7 OSLAVA/1 Party Time/Premiere/Copied_ZZ Oslava/Media Cache/Oslava1E.wav 32000.pek","9  Temp/Ke smazání/1d Premiere cache/044 Oslava1E.wav 32000.pek","154692","OK"
"261004","1d","soubor","3  LCEnglish 🎬/Products/NAUČTE SE UČIT ANGLICKY/10xE VIDEOS postproduction/MODULES/7 OSLAVA/1 Party Time/Premiere/Copied_ZZ Oslava/Media Cache/Oslava2.wav 32000.pek","9  Temp/Ke smazání/1d Premiere cache/045 Oslava2.wav 32000.pek","130116","OK"
"261004","1d","soubor","3  LCEnglish 🎬/Products/NAUČTE SE UČIT ANGLICKY/10xE VIDEOS postproduction/MODULES/7 OSLAVA/1 Party Time/Premiere/Copied_ZZ Oslava/Media Cache/Oslava1.MP4 48000.pek","9  Temp/Ke smazání/1d Premiere cache/046 Oslava1.MP4 48000.pek","575556","OK"
"261004","1d","soubor","3  LCEnglish 🎬/Products/NAUČTE SE UČIT ANGLICKY/10xE VIDEOS postproduction/MODULES/7 OSLAVA/1 Party Time/Premiere/Copied_ZZ Oslava/Media Cache/Oslava2.MP4 48000.pek","9  Temp/Ke smazání/1d Premiere cache/047 Oslava2.MP4 48000.pek","413764","OK"
"261004","1d","soubor","3  LCEnglish 🎬/Products/NAUČTE SE UČIT ANGLICKY/10xE VIDEOS postproduction/MODULES/7 OSLAVA/1 Party Time/Premiere/Copied_ZZ Oslava/Media Cache/Oslava1 Audio Extracted.wav 32000_1.pek","9  Temp/Ke smazání/1d Premiere cache/048 Oslava1 Audio Extracted.wav 32000_1.pek","80964","OK"
"261004","1d","soubor","3  LCEnglish 🎬/Products/HELE/HELE ASSETS/Final Cut All Episodes/E07/Adobe Premiere Pro Audio Previews/E07.PRV/Peak Files/fb4c238a-e120-4275-9055-0fd04030f50c+e3ebd87d-0714-70a0-ed85-592f00000049 44100.pek","9  Temp/Ke smazání/1d Premiere cache/049 fb4c238a-e120-4275-9055-0fd04030f50c+e3ebd87d-0714-70a0-ed85-592f00000049 44100.pek","84036","OK"
"261004","1d","soubor","3  LCEnglish 🎬/Products/HELE/HELE ASSETS/Final Cut All Episodes/E07/Adobe Premiere Pro Audio Previews/E07.PRV/fb4c238a-e120-4275-9055-0fd04030f50c+e3ebd87d-0714-70a0-ed85-592f00000049 44100.cfa","9  Temp/Ke smazání/1d Premiere cache/050 fb4c238a-e120-4275-9055-0fd04030f50c+e3ebd87d-0714-70a0-ed85-592f00000049 44100.cfa","21495808","OK"
"261004","1d","soubor","3  LCEnglish 🎬/Products/HELE/HELE ASSETS/Final Cut All Episodes/E10/Adobe Premiere Pro Audio Previews/E10.PRV/Peak Files/5675e92f-8add-4aab-857b-4d1bcdd1a016+304a48de-aed0-a864-be06-c8ec00000049 44100.pek","9  Temp/Ke smazání/1d Premiere cache/051 5675e92f-8add-4aab-857b-4d1bcdd1a016+304a48de-aed0-a864-be06-c8ec00000049 44100.pek","110660","OK"
"261004","1d","soubor","3  LCEnglish 🎬/Products/HELE/HELE ASSETS/Final Cut All Episodes/E10/Adobe Premiere Pro Audio Previews/E10.PRV/5675e92f-8add-4aab-857b-4d1bcdd1a016+304a48de-aed0-a864-be06-c8ec00000049 44100.cfa","9  Temp/Ke smazání/1d Premiere cache/052 5675e92f-8add-4aab-857b-4d1bcdd1a016+304a48de-aed0-a864-be06-c8ec00000049 44100.cfa","28311552","OK"
"261004","1d","soubor","3  LCEnglish 🎬/Products/HELE/HELE ASSETS/Final Cut All Episodes/E02/Adobe Premiere Pro Audio Previews/E02.PRV/Peak Files/be5e12c8-eaa1-44e9-9e7a-f529a3ad0f37+6df77cf5-e8cc-a071-73ad-3e0200000049 44100.pek","9  Temp/Ke smazání/1d Premiere cache/053 be5e12c8-eaa1-44e9-9e7a-f529a3ad0f37+6df77cf5-e8cc-a071-73ad-3e0200000049 44100.pek","96324","OK"
"261004","1d","soubor","3  LCEnglish 🎬/Products/HELE/HELE ASSETS/Final Cut All Episodes/E02/Adobe Premiere Pro Audio Previews/E02.PRV/Peak Files/e0927dbd-1c19-4acd-bbe0-74f90f8dae83+423a299f-a940-bb42-f930-aa0100000049 44100.pek","9  Temp/Ke smazání/1d Premiere cache/054 e0927dbd-1c19-4acd-bbe0-74f90f8dae83+423a299f-a940-bb42-f930-aa0100000049 44100.pek","8260","OK"
"261004","1d","soubor","3  LCEnglish 🎬/Products/HELE/HELE ASSETS/Final Cut All Episodes/E02/Adobe Premiere Pro Audio Previews/E02.PRV/e0927dbd-1c19-4acd-bbe0-74f90f8dae83+423a299f-a940-bb42-f930-aa0100000049 44100.cfa","9  Temp/Ke smazání/1d Premiere cache/055 e0927dbd-1c19-4acd-bbe0-74f90f8dae83+423a299f-a940-bb42-f930-aa0100000049 44100.cfa","2097152","OK"
"261004","1d","soubor","3  LCEnglish 🎬/Products/HELE/HELE ASSETS/Final Cut All Episodes/E02/Adobe Premiere Pro Audio Previews/E02.PRV/be5e12c8-eaa1-44e9-9e7a-f529a3ad0f37+6df77cf5-e8cc-a071-73ad-3e0200000049 44100.cfa","9  Temp/Ke smazání/1d Premiere cache/056 be5e12c8-eaa1-44e9-9e7a-f529a3ad0f37+6df77cf5-e8cc-a071-73ad-3e0200000049 44100.cfa","24641536","OK"
"261004","1d","soubor","3  LCEnglish 🎬/Products/HELE/HELE ASSETS/Final Cut All Episodes/E05/Adobe Premiere Pro Audio Previews/E05.PRV/Peak Files/0f4abddf-d70d-4871-98ed-423a3fb42580+7186b76c-a744-c7f2-3cca-c47900000049 44100.pek","9  Temp/Ke smazání/1d Premiere cache/057 0f4abddf-d70d-4871-98ed-423a3fb42580+7186b76c-a744-c7f2-3cca-c47900000049 44100.pek","108612","OK"
"261004","1d","soubor","3  LCEnglish 🎬/Products/HELE/HELE ASSETS/Final Cut All Episodes/E05/Adobe Premiere Pro Audio Previews/E05.PRV/0f4abddf-d70d-4871-98ed-423a3fb42580+7186b76c-a744-c7f2-3cca-c47900000049 44100.cfa","9  Temp/Ke smazání/1d Premiere cache/058 0f4abddf-d70d-4871-98ed-423a3fb42580+7186b76c-a744-c7f2-3cca-c47900000049 44100.cfa","27787264","OK"
"261004","1d","soubor","3  LCEnglish 🎬/Products/HELE/HELE ASSETS/Final Cut All Episodes/E13/Adobe Premiere Pro Audio Previews/E13.PRV/Peak Files/0fd5144c-99ea-4b76-bd3f-5b40f491fd2c+9f826d22-bb2f-48e3-3b10-de9200000049 44100.pek","9  Temp/Ke smazání/1d Premiere cache/059 0fd5144c-99ea-4b76-bd3f-5b40f491fd2c+9f826d22-bb2f-48e3-3b10-de9200000049 44100.pek","84036","OK"
"261004","1d","soubor","3  LCEnglish 🎬/Products/HELE/HELE ASSETS/Final Cut All Episodes/E13/Adobe Premiere Pro Audio Previews/E13.PRV/0fd5144c-99ea-4b76-bd3f-5b40f491fd2c+9f826d22-bb2f-48e3-3b10-de9200000049 44100.cfa","9  Temp/Ke smazání/1d Premiere cache/060 0fd5144c-99ea-4b76-bd3f-5b40f491fd2c+9f826d22-bb2f-48e3-3b10-de9200000049 44100.cfa","21495808","OK"
"261004","1d","soubor","3  LCEnglish 🎬/Products/HELE/HELE ASSETS/Final Cut All Episodes/E11/Adobe Premiere Pro Audio Previews/E11.PRV/Peak Files/aff79220-9042-4f3f-8d03-39753e2dda42+5a8bd050-7190-7b16-e5da-19b200000049 44100.pek","9  Temp/Ke smazání/1d Premiere cache/061 aff79220-9042-4f3f-8d03-39753e2dda42+5a8bd050-7190-7b16-e5da-19b200000049 44100.pek","41028","OK"
"261004","1d","soubor","3  LCEnglish 🎬/Products/HELE/HELE ASSETS/Final Cut All Episodes/E11/Adobe Premiere Pro Audio Previews/E11.PRV/Peak Files/cabf1d56-51cb-4f4d-ae1b-b05ad2d7767c+04c9194b-9591-da0e-dfbd-1c6200000049 44100.pek","9  Temp/Ke smazání/1d Premiere cache/062 cabf1d56-51cb-4f4d-ae1b-b05ad2d7767c+04c9194b-9591-da0e-dfbd-1c6200000049 44100.pek","90180","OK"
"261004","1d","soubor","3  LCEnglish 🎬/Products/HELE/HELE ASSETS/Final Cut All Episodes/E11/Adobe Premiere Pro Audio Previews/E11.PRV/Peak Files/36cf317d-93fb-40d7-89e3-5b6d55791e8a+dcf82e6e-0092-e748-220a-417c00000049 44100.pek","9  Temp/Ke smazání/1d Premiere cache/063 36cf317d-93fb-40d7-89e3-5b6d55791e8a+dcf82e6e-0092-e748-220a-417c00000049 44100.pek","2116","OK"
"261004","1d","soubor","3  LCEnglish 🎬/Products/HELE/HELE ASSETS/Final Cut All Episodes/E11/Adobe Premiere Pro Audio Previews/E11.PRV/aff79220-9042-4f3f-8d03-39753e2dda42+5a8bd050-7190-7b16-e5da-19b200000049 44100.cfa","9  Temp/Ke smazání/1d Premiere cache/064 aff79220-9042-4f3f-8d03-39753e2dda42+5a8bd050-7190-7b16-e5da-19b200000049 44100.cfa","10485760","OK"
"261004","1d","soubor","3  LCEnglish 🎬/Products/HELE/HELE ASSETS/Final Cut All Episodes/E11/Adobe Premiere Pro Audio Previews/E11.PRV/cabf1d56-51cb-4f4d-ae1b-b05ad2d7767c+04c9194b-9591-da0e-dfbd-1c6200000049 44100.cfa","9  Temp/Ke smazání/1d Premiere cache/065 cabf1d56-51cb-4f4d-ae1b-b05ad2d7767c+04c9194b-9591-da0e-dfbd-1c6200000049 44100.cfa","23068672","OK"
"261004","1d","soubor","3  LCEnglish 🎬/Products/HELE/HELE ASSETS/Final Cut All Episodes/E11/Adobe Premiere Pro Audio Previews/E11.PRV/36cf317d-93fb-40d7-89e3-5b6d55791e8a+dcf82e6e-0092-e748-220a-417c00000049 44100.cfa","9  Temp/Ke smazání/1d Premiere cache/066 36cf317d-93fb-40d7-89e3-5b6d55791e8a+dcf82e6e-0092-e748-220a-417c00000049 44100.cfa","524288","OK"
"261004","1d","soubor","3  LCEnglish 🎬/Products/HELE/HELE ASSETS/Final Cut All Episodes/E14/Adobe Premiere Pro Audio Previews/E14.PRV/Peak Files/6cf784eb-0759-4ddf-ac4f-4ad1f9f3516f+3a86ba9a-fa23-0bee-5903-43e600000049 44100.pek","9  Temp/Ke smazání/1d Premiere cache/067 6cf784eb-0759-4ddf-ac4f-4ad1f9f3516f+3a86ba9a-fa23-0bee-5903-43e600000049 44100.pek","84036","OK"
"261004","1d","soubor","3  LCEnglish 🎬/Products/HELE/HELE ASSETS/Final Cut All Episodes/E14/Adobe Premiere Pro Audio Previews/E14.PRV/6cf784eb-0759-4ddf-ac4f-4ad1f9f3516f+3a86ba9a-fa23-0bee-5903-43e600000049 44100.cfa","9  Temp/Ke smazání/1d Premiere cache/068 6cf784eb-0759-4ddf-ac4f-4ad1f9f3516f+3a86ba9a-fa23-0bee-5903-43e600000049 44100.cfa","21495808","OK"
"261004","1d","soubor","3  LCEnglish 🎬/Products/HELE/HELE ASSETS/Final Cut All Episodes/E12/Adobe Premiere Pro Audio Previews/E12.PRV/Peak Files/2970bb62-e991-4c30-a8fa-57c90282df21+fe585f32-ab9c-6861-34f1-897c00000049 44100.pek","9  Temp/Ke smazání/1d Premiere cache/069 2970bb62-e991-4c30-a8fa-57c90282df21+fe585f32-ab9c-6861-34f1-897c00000049 44100.pek","108612","OK"
"261004","1d","soubor","3  LCEnglish 🎬/Products/HELE/HELE ASSETS/Final Cut All Episodes/E12/Adobe Premiere Pro Audio Previews/E12.PRV/2970bb62-e991-4c30-a8fa-57c90282df21+fe585f32-ab9c-6861-34f1-897c00000049 44100.cfa","9  Temp/Ke smazání/1d Premiere cache/070 2970bb62-e991-4c30-a8fa-57c90282df21+fe585f32-ab9c-6861-34f1-897c00000049 44100.cfa","27787264","OK"
"261004","1d","soubor","3  LCEnglish 🎬/Products/HELE/HELE ASSETS/Final Cut All Episodes/E04/Adobe Premiere Pro Audio Previews/E04.PRV/Peak Files/aeae70d9-9ded-42b7-878b-1331ee4020c0+bdfcd739-594d-b7a4-c645-974100000059 44100.pek","9  Temp/Ke smazání/1d Premiere cache/071 aeae70d9-9ded-42b7-878b-1331ee4020c0+bdfcd739-594d-b7a4-c645-974100000059 44100.pek","102468","OK"
"261004","1d","soubor","3  LCEnglish 🎬/Products/HELE/HELE ASSETS/Final Cut All Episodes/E04/Adobe Premiere Pro Audio Previews/E04.PRV/aeae70d9-9ded-42b7-878b-1331ee4020c0+bdfcd739-594d-b7a4-c645-974100000059 44100.cfa","9  Temp/Ke smazání/1d Premiere cache/072 aeae70d9-9ded-42b7-878b-1331ee4020c0+bdfcd739-594d-b7a4-c645-974100000059 44100.cfa","26214400","OK"
"261004","1d","soubor","3  LCEnglish 🎬/Products/HELE/HELE ASSETS/Final Cut All Episodes/E06/Adobe Premiere Pro Audio Previews/E06.PRV/Peak Files/fa11f712-d84b-4d9d-9528-fe159b226005+34d7defe-0078-af29-468e-28ab00000049 44100.pek","9  Temp/Ke smazání/1d Premiere cache/073 fa11f712-d84b-4d9d-9528-fe159b226005+34d7defe-0078-af29-468e-28ab00000049 44100.pek","100420","OK"
"261004","1d","soubor","3  LCEnglish 🎬/Products/HELE/HELE ASSETS/Final Cut All Episodes/E06/Adobe Premiere Pro Audio Previews/E06.PRV/fa11f712-d84b-4d9d-9528-fe159b226005+34d7defe-0078-af29-468e-28ab00000049 44100.cfa","9  Temp/Ke smazání/1d Premiere cache/074 fa11f712-d84b-4d9d-9528-fe159b226005+34d7defe-0078-af29-468e-28ab00000049 44100.cfa","25690112","OK"
"261004","1d","soubor","3  LCEnglish 🎬/Products/HELE/HELE ASSETS/Final Cut All Episodes/E15/Adobe Premiere Pro Audio Previews/E15.PRV/Peak Files/98df92a1-5f4e-4a55-9b72-9527b76202e5+04241170-ffe9-1fa7-5cc8-2f2700000049 44100.pek","9  Temp/Ke smazání/1d Premiere cache/075 98df92a1-5f4e-4a55-9b72-9527b76202e5+04241170-ffe9-1fa7-5cc8-2f2700000049 44100.pek","112708","OK"
"261004","1d","soubor","3  LCEnglish 🎬/Products/HELE/HELE ASSETS/Final Cut All Episodes/E15/Adobe Premiere Pro Audio Previews/E15.PRV/Peak Files/a9b0b559-3a22-4151-9dcc-39ceb794ae8e+e4091eaf-7846-8ac9-118c-167100000049 44100.pek","9  Temp/Ke smazání/1d Premiere cache/076 a9b0b559-3a22-4151-9dcc-39ceb794ae8e+e4091eaf-7846-8ac9-118c-167100000049 44100.pek","88132","OK"
"261004","1d","soubor","3  LCEnglish 🎬/Products/HELE/HELE ASSETS/Final Cut All Episodes/E15/Adobe Premiere Pro Audio Previews/E15.PRV/98df92a1-5f4e-4a55-9b72-9527b76202e5+04241170-ffe9-1fa7-5cc8-2f2700000049 44100.cfa","9  Temp/Ke smazání/1d Premiere cache/077 98df92a1-5f4e-4a55-9b72-9527b76202e5+04241170-ffe9-1fa7-5cc8-2f2700000049 44100.cfa","28835840","OK"
"261004","1d","soubor","3  LCEnglish 🎬/Products/HELE/HELE ASSETS/Final Cut All Episodes/E15/Adobe Premiere Pro Audio Previews/E15.PRV/a9b0b559-3a22-4151-9dcc-39ceb794ae8e+e4091eaf-7846-8ac9-118c-167100000049 44100.cfa","9  Temp/Ke smazání/1d Premiere cache/078 a9b0b559-3a22-4151-9dcc-39ceb794ae8e+e4091eaf-7846-8ac9-118c-167100000049 44100.cfa","22544384","OK"
"261004","1d","soubor","3  LCEnglish 🎬/Products/HELE/HELE ASSETS/Final Cut All Episodes/E01/Adobe Premiere Pro Auto-Save/Adobe Premiere Pro Audio Previews/E01.PRV/Peak Files/628d971f-c413-470c-a2d7-3434c05b881b+3dbd9a97-9e48-06d2-11b4-b68400000049 44100.pek","9  Temp/Ke smazání/1d Premiere cache/079 628d971f-c413-470c-a2d7-3434c05b881b+3dbd9a97-9e48-06d2-11b4-b68400000049 44100.pek","51268","OK"
"261004","1d","soubor","3  LCEnglish 🎬/Products/HELE/HELE ASSETS/Final Cut All Episodes/E01/Adobe Premiere Pro Auto-Save/Adobe Premiere Pro Audio Previews/E01.PRV/628d971f-c413-470c-a2d7-3434c05b881b+3dbd9a97-9e48-06d2-11b4-b68400000049 44100.cfa","9  Temp/Ke smazání/1d Premiere cache/080 628d971f-c413-470c-a2d7-3434c05b881b+3dbd9a97-9e48-06d2-11b4-b68400000049 44100.cfa","13107200","OK"
"261004","1d","soubor","3  LCEnglish 🎬/Products/HELE/HELE ASSETS/Final Cut All Episodes/E01/Adobe Premiere Pro Audio Previews/E01.PRV/Peak Files/138c0542-2865-42d3-b189-8c7a91b079e2+c4a88b89-b8f6-4771-1210-f6da00000049 44100.pek","9  Temp/Ke smazání/1d Premiere cache/081 138c0542-2865-42d3-b189-8c7a91b079e2+c4a88b89-b8f6-4771-1210-f6da00000049 44100.pek","51268","OK"
"261004","1d","soubor","3  LCEnglish 🎬/Products/HELE/HELE ASSETS/Final Cut All Episodes/E01/Adobe Premiere Pro Audio Previews/E01.PRV/138c0542-2865-42d3-b189-8c7a91b079e2+c4a88b89-b8f6-4771-1210-f6da00000049 44100.cfa","9  Temp/Ke smazání/1d Premiere cache/082 138c0542-2865-42d3-b189-8c7a91b079e2+c4a88b89-b8f6-4771-1210-f6da00000049 44100.cfa","13107200","OK"
"261004","1d","soubor","3  LCEnglish 🎬/Products/HELE/HELE ASSETS/Final Cut All Episodes/E03/Adobe Premiere Pro Audio Previews/E03.PRV/Peak Files/47919bef-7593-436e-a11a-a3ab95266b6c+5a09eec6-5e5c-ac39-a9cc-fd3d00000059 44100.pek","9  Temp/Ke smazání/1d Premiere cache/083 47919bef-7593-436e-a11a-a3ab95266b6c+5a09eec6-5e5c-ac39-a9cc-fd3d00000059 44100.pek","79940","OK"
"261004","1d","soubor","3  LCEnglish 🎬/Products/HELE/HELE ASSETS/Final Cut All Episodes/E03/Adobe Premiere Pro Audio Previews/E03.PRV/47919bef-7593-436e-a11a-a3ab95266b6c+5a09eec6-5e5c-ac39-a9cc-fd3d00000059 44100.cfa","9  Temp/Ke smazání/1d Premiere cache/084 47919bef-7593-436e-a11a-a3ab95266b6c+5a09eec6-5e5c-ac39-a9cc-fd3d00000059 44100.cfa","20447232","OK"
"261004","1d","soubor","3  LCEnglish 🎬/Products/HELE/HELE ASSETS/Final Cut All Episodes/E08/Adobe Premiere Pro Audio Previews/E08.PRV/Peak Files/586d547b-036d-43aa-9418-a020712e2761+2f22a62c-2b95-bdd1-c0e4-9af500000049 44100.pek","9  Temp/Ke smazání/1d Premiere cache/085 586d547b-036d-43aa-9418-a020712e2761+2f22a62c-2b95-bdd1-c0e4-9af500000049 44100.pek","57412","OK"
"261004","1d","soubor","3  LCEnglish 🎬/Products/HELE/HELE ASSETS/Final Cut All Episodes/E08/Adobe Premiere Pro Audio Previews/E08.PRV/Peak Files/e7c84957-8124-4d21-a98f-21c4bdfe618a+ebc7d173-8ec6-281d-cef8-121400000049 44100.pek","9  Temp/Ke smazání/1d Premiere cache/086 e7c84957-8124-4d21-a98f-21c4bdfe618a+ebc7d173-8ec6-281d-cef8-121400000049 44100.pek","38980","OK"
"261004","1d","soubor","3  LCEnglish 🎬/Products/HELE/HELE ASSETS/Final Cut All Episodes/E08/Adobe Premiere Pro Audio Previews/E08.PRV/586d547b-036d-43aa-9418-a020712e2761+2f22a62c-2b95-bdd1-c0e4-9af500000049 44100.cfa","9  Temp/Ke smazání/1d Premiere cache/087 586d547b-036d-43aa-9418-a020712e2761+2f22a62c-2b95-bdd1-c0e4-9af500000049 44100.cfa","14680064","OK"
"261004","1d","soubor","3  LCEnglish 🎬/Products/HELE/HELE ASSETS/Final Cut All Episodes/E08/Adobe Premiere Pro Audio Previews/E08.PRV/e7c84957-8124-4d21-a98f-21c4bdfe618a+ebc7d173-8ec6-281d-cef8-121400000049 44100.cfa","9  Temp/Ke smazání/1d Premiere cache/088 e7c84957-8124-4d21-a98f-21c4bdfe618a+ebc7d173-8ec6-281d-cef8-121400000049 44100.cfa","9961472","OK"
"261004","1d","soubor","3  LCEnglish 🎬/Products/HELE/HELE ASSETS/All In One Downloads/Adobe Premiere Pro Audio Previews/Audio Story.PRV/0019de9e-26d6-4c51-ab0d-9b1ca0cfcf66+7a302c17-623a-17bf-236a-27dd00000049 48000.cfa","9  Temp/Ke smazání/1d Premiere cache/089 0019de9e-26d6-4c51-ab0d-9b1ca0cfcf66+7a302c17-623a-17bf-236a-27dd00000049 48000.cfa","1048576","OK"
"261004","1d","soubor","3  LCEnglish 🎬/Products/HELE/HELE ASSETS/All In One Downloads/Adobe Premiere Pro Audio Previews/Audio Story.PRV/08bb8580-04df-489f-b11d-009b8c87b9ed+5a02ff9e-7eaf-bd65-c192-a00100000049 48000.cfa","9  Temp/Ke smazání/1d Premiere cache/090 08bb8580-04df-489f-b11d-009b8c87b9ed+5a02ff9e-7eaf-bd65-c192-a00100000049 48000.cfa","1048576","OK"
"261004","1d","soubor","3  LCEnglish 🎬/Products/HELE/HELE ASSETS/All In One Downloads/Adobe Premiere Pro Audio Previews/Audio Story.PRV/c054070d-3fb8-40b1-b437-61053d6318e3+5a02ff9e-7eaf-bd65-c192-a00100000049 48000.cfa","9  Temp/Ke smazání/1d Premiere cache/091 c054070d-3fb8-40b1-b437-61053d6318e3+5a02ff9e-7eaf-bd65-c192-a00100000049 48000.cfa","1048576","OK"
"261004","1d","soubor","3  LCEnglish 🎬/Products/HELE/HELE ASSETS/All In One Downloads/Adobe Premiere Pro Audio Previews/Audio Story.PRV/Peak Files/4d825235-b8fc-4c5e-9754-2359b70c642c+5a02ff9e-7eaf-bd65-c192-a00100000049 48000.pek","9  Temp/Ke smazání/1d Premiere cache/092 4d825235-b8fc-4c5e-9754-2359b70c642c+5a02ff9e-7eaf-bd65-c192-a00100000049 48000.pek","4164","OK"
"261004","1d","soubor","3  LCEnglish 🎬/Products/HELE/HELE ASSETS/All In One Downloads/Adobe Premiere Pro Audio Previews/Audio Story.PRV/Peak Files/c5f138a8-fc8c-49ef-901c-da6a5cb1bd66+5a02ff9e-7eaf-bd65-c192-a00100000049 48000.pek","9  Temp/Ke smazání/1d Premiere cache/093 c5f138a8-fc8c-49ef-901c-da6a5cb1bd66+5a02ff9e-7eaf-bd65-c192-a00100000049 48000.pek","4164","OK"
"261004","1d","soubor","3  LCEnglish 🎬/Products/HELE/HELE ASSETS/All In One Downloads/Adobe Premiere Pro Audio Previews/Audio Story.PRV/Peak Files/8bfa8a49-b03b-4871-9a78-65c772627770+7a302c17-623a-17bf-236a-27dd00000049 48000.pek","9  Temp/Ke smazání/1d Premiere cache/094 8bfa8a49-b03b-4871-9a78-65c772627770+7a302c17-623a-17bf-236a-27dd00000049 48000.pek","4164","OK"
"261004","1d","soubor","3  LCEnglish 🎬/Products/HELE/HELE ASSETS/All In One Downloads/Adobe Premiere Pro Audio Previews/Audio Story.PRV/Peak Files/c6744db2-26c6-4c81-b664-909f177163e3+5a02ff9e-7eaf-bd65-c192-a00100000049 48000.pek","9  Temp/Ke smazání/1d Premiere cache/095 c6744db2-26c6-4c81-b664-909f177163e3+5a02ff9e-7eaf-bd65-c192-a00100000049 48000.pek","4164","OK"
"261004","1d","soubor","3  LCEnglish 🎬/Products/HELE/HELE ASSETS/All In One Downloads/Adobe Premiere Pro Audio Previews/Audio Story.PRV/Peak Files/e1dfe566-6394-48a0-a460-68ccea43f40c+7a302c17-623a-17bf-236a-27dd00000049 48000.pek","9  Temp/Ke smazání/1d Premiere cache/096 e1dfe566-6394-48a0-a460-68ccea43f40c+7a302c17-623a-17bf-236a-27dd00000049 48000.pek","4164","OK"
"261004","1d","soubor","3  LCEnglish 🎬/Products/HELE/HELE ASSETS/All In One Downloads/Adobe Premiere Pro Audio Previews/Audio Story.PRV/Peak Files/d107f805-0c3e-4a0d-8831-c1f04ff74191+7a302c17-623a-17bf-236a-27dd00000049 48000.pek","9  Temp/Ke smazání/1d Premiere cache/097 d107f805-0c3e-4a0d-8831-c1f04ff74191+7a302c17-623a-17bf-236a-27dd00000049 48000.pek","4164","OK"
"261004","1d","soubor","3  LCEnglish 🎬/Products/HELE/HELE ASSETS/All In One Downloads/Adobe Premiere Pro Audio Previews/Audio Story.PRV/Peak Files/4f332808-9d6c-4af8-9b2c-b627a502f904+7a302c17-623a-17bf-236a-27dd00000049 48000.pek","9  Temp/Ke smazání/1d Premiere cache/098 4f332808-9d6c-4af8-9b2c-b627a502f904+7a302c17-623a-17bf-236a-27dd00000049 48000.pek","4164","OK"
"261004","1d","soubor","3  LCEnglish 🎬/Products/HELE/HELE ASSETS/All In One Downloads/Adobe Premiere Pro Audio Previews/Audio Story.PRV/Peak Files/0019de9e-26d6-4c51-ab0d-9b1ca0cfcf66+7a302c17-623a-17bf-236a-27dd00000049 48000.pek","9  Temp/Ke smazání/1d Premiere cache/099 0019de9e-26d6-4c51-ab0d-9b1ca0cfcf66+7a302c17-623a-17bf-236a-27dd00000049 48000.pek","4164","OK"
"261004","1d","soubor","3  LCEnglish 🎬/Products/HELE/HELE ASSETS/All In One Downloads/Adobe Premiere Pro Audio Previews/Audio Story.PRV/Peak Files/c054070d-3fb8-40b1-b437-61053d6318e3+5a02ff9e-7eaf-bd65-c192-a00100000049 48000.pek","9  Temp/Ke smazání/1d Premiere cache/100 c054070d-3fb8-40b1-b437-61053d6318e3+5a02ff9e-7eaf-bd65-c192-a00100000049 48000.pek","4164","OK"
"261004","1d","soubor","3  LCEnglish 🎬/Products/HELE/HELE ASSETS/All In One Downloads/Adobe Premiere Pro Audio Previews/Audio Story.PRV/Peak Files/ba92af55-c3cd-4cda-892e-e1d3e6c726d9+5a02ff9e-7eaf-bd65-c192-a00100000049 48000.pek","9  Temp/Ke smazání/1d Premiere cache/101 ba92af55-c3cd-4cda-892e-e1d3e6c726d9+5a02ff9e-7eaf-bd65-c192-a00100000049 48000.pek","4164","OK"
"261004","1d","soubor","3  LCEnglish 🎬/Products/HELE/HELE ASSETS/All In One Downloads/Adobe Premiere Pro Audio Previews/Audio Story.PRV/Peak Files/7a2e98be-2b30-47b4-97f7-667979d466b9+7a302c17-623a-17bf-236a-27dd00000049 48000.pek","9  Temp/Ke smazání/1d Premiere cache/102 7a2e98be-2b30-47b4-97f7-667979d466b9+7a302c17-623a-17bf-236a-27dd00000049 48000.pek","4164","OK"
"261004","1d","soubor","3  LCEnglish 🎬/Products/HELE/HELE ASSETS/All In One Downloads/Adobe Premiere Pro Audio Previews/Audio Story.PRV/Peak Files/e8ec8eee-4752-45d1-ab67-934c6c5891c5+5a02ff9e-7eaf-bd65-c192-a00100000049 48000.pek","9  Temp/Ke smazání/1d Premiere cache/103 e8ec8eee-4752-45d1-ab67-934c6c5891c5+5a02ff9e-7eaf-bd65-c192-a00100000049 48000.pek","4164","OK"
"261004","1d","soubor","3  LCEnglish 🎬/Products/HELE/HELE ASSETS/All In One Downloads/Adobe Premiere Pro Audio Previews/Audio Story.PRV/Peak Files/08bb8580-04df-489f-b11d-009b8c87b9ed+5a02ff9e-7eaf-bd65-c192-a00100000049 48000.pek","9  Temp/Ke smazání/1d Premiere cache/104 08bb8580-04df-489f-b11d-009b8c87b9ed+5a02ff9e-7eaf-bd65-c192-a00100000049 48000.pek","4164","OK"
"261004","1d","soubor","3  LCEnglish 🎬/Products/HELE/HELE ASSETS/All In One Downloads/Adobe Premiere Pro Audio Previews/Audio Story.PRV/Peak Files/78e9467e-ff04-41dc-88c7-7435d5eb8b53+7a302c17-623a-17bf-236a-27dd00000049 48000.pek","9  Temp/Ke smazání/1d Premiere cache/105 78e9467e-ff04-41dc-88c7-7435d5eb8b53+7a302c17-623a-17bf-236a-27dd00000049 48000.pek","4164","OK"
"261004","1d","soubor","3  LCEnglish 🎬/Products/HELE/HELE ASSETS/All In One Downloads/Adobe Premiere Pro Audio Previews/Audio Story.PRV/Peak Files/67fd62ea-7d97-4712-8d2b-211bb30f5442+5a02ff9e-7eaf-bd65-c192-a00100000049 48000.pek","9  Temp/Ke smazání/1d Premiere cache/106 67fd62ea-7d97-4712-8d2b-211bb30f5442+5a02ff9e-7eaf-bd65-c192-a00100000049 48000.pek","4164","OK"
"261004","1d","soubor","3  LCEnglish 🎬/Products/HELE/HELE ASSETS/All In One Downloads/Adobe Premiere Pro Audio Previews/Audio Story.PRV/Peak Files/0ddb2521-5c89-4eb5-88d5-efda360dd06e+7a302c17-623a-17bf-236a-27dd00000049 48000.pek","9  Temp/Ke smazání/1d Premiere cache/107 0ddb2521-5c89-4eb5-88d5-efda360dd06e+7a302c17-623a-17bf-236a-27dd00000049 48000.pek","4164","OK"
"261004","1d","soubor","3  LCEnglish 🎬/Products/HELE/HELE ASSETS/All In One Downloads/Adobe Premiere Pro Audio Previews/Audio Story.PRV/Peak Files/4abb9102-6c87-4701-8647-f7074dc39253+56d9fad3-05b8-08e0-5002-8ec500000049 48000.pek","9  Temp/Ke smazání/1d Premiere cache/108 4abb9102-6c87-4701-8647-f7074dc39253+56d9fad3-05b8-08e0-5002-8ec500000049 48000.pek","84036","OK"
"261004","1d","soubor","3  LCEnglish 🎬/Products/HELE/HELE ASSETS/All In One Downloads/Adobe Premiere Pro Audio Previews/Audio Story.PRV/Peak Files/97ad21d9-cdee-4068-b659-da76ee028663+d8006886-e0e5-ac17-5684-b70c00000049 48000.pek","9  Temp/Ke smazání/1d Premiere cache/109 97ad21d9-cdee-4068-b659-da76ee028663+d8006886-e0e5-ac17-5684-b70c00000049 48000.pek","139332","OK"
"261004","1d","soubor","3  LCEnglish 🎬/Products/HELE/HELE ASSETS/All In One Downloads/Adobe Premiere Pro Audio Previews/Audio Story.PRV/4f332808-9d6c-4af8-9b2c-b627a502f904+7a302c17-623a-17bf-236a-27dd00000049 48000.cfa","9  Temp/Ke smazání/1d Premiere cache/110 4f332808-9d6c-4af8-9b2c-b627a502f904+7a302c17-623a-17bf-236a-27dd00000049 48000.cfa","1048576","OK"
"261004","1d","soubor","3  LCEnglish 🎬/Products/HELE/HELE ASSETS/All In One Downloads/Adobe Premiere Pro Audio Previews/Audio Story.PRV/ba92af55-c3cd-4cda-892e-e1d3e6c726d9+5a02ff9e-7eaf-bd65-c192-a00100000049 48000.cfa","9  Temp/Ke smazání/1d Premiere cache/111 ba92af55-c3cd-4cda-892e-e1d3e6c726d9+5a02ff9e-7eaf-bd65-c192-a00100000049 48000.cfa","1048576","OK"
"261004","1d","soubor","3  LCEnglish 🎬/Products/HELE/HELE ASSETS/All In One Downloads/Adobe Premiere Pro Audio Previews/Audio Story.PRV/8bfa8a49-b03b-4871-9a78-65c772627770+7a302c17-623a-17bf-236a-27dd00000049 48000.cfa","9  Temp/Ke smazání/1d Premiere cache/112 8bfa8a49-b03b-4871-9a78-65c772627770+7a302c17-623a-17bf-236a-27dd00000049 48000.cfa","1048576","OK"
"261004","1d","soubor","3  LCEnglish 🎬/Products/HELE/HELE ASSETS/All In One Downloads/Adobe Premiere Pro Audio Previews/Audio Story.PRV/4d825235-b8fc-4c5e-9754-2359b70c642c+5a02ff9e-7eaf-bd65-c192-a00100000049 48000.cfa","9  Temp/Ke smazání/1d Premiere cache/113 4d825235-b8fc-4c5e-9754-2359b70c642c+5a02ff9e-7eaf-bd65-c192-a00100000049 48000.cfa","1048576","OK"
"261004","1d","soubor","3  LCEnglish 🎬/Products/HELE/HELE ASSETS/All In One Downloads/Adobe Premiere Pro Audio Previews/Audio Story.PRV/7a2e98be-2b30-47b4-97f7-667979d466b9+7a302c17-623a-17bf-236a-27dd00000049 48000.cfa","9  Temp/Ke smazání/1d Premiere cache/114 7a2e98be-2b30-47b4-97f7-667979d466b9+7a302c17-623a-17bf-236a-27dd00000049 48000.cfa","1048576","OK"
"261004","1d","soubor","3  LCEnglish 🎬/Products/HELE/HELE ASSETS/All In One Downloads/Adobe Premiere Pro Audio Previews/Audio Story.PRV/d107f805-0c3e-4a0d-8831-c1f04ff74191+7a302c17-623a-17bf-236a-27dd00000049 48000.cfa","9  Temp/Ke smazání/1d Premiere cache/115 d107f805-0c3e-4a0d-8831-c1f04ff74191+7a302c17-623a-17bf-236a-27dd00000049 48000.cfa","1048576","OK"
"261004","1d","soubor","3  LCEnglish 🎬/Products/HELE/HELE ASSETS/All In One Downloads/Adobe Premiere Pro Audio Previews/Audio Story.PRV/c6744db2-26c6-4c81-b664-909f177163e3+5a02ff9e-7eaf-bd65-c192-a00100000049 48000.cfa","9  Temp/Ke smazání/1d Premiere cache/116 c6744db2-26c6-4c81-b664-909f177163e3+5a02ff9e-7eaf-bd65-c192-a00100000049 48000.cfa","1048576","OK"
"261004","1d","soubor","3  LCEnglish 🎬/Products/HELE/HELE ASSETS/All In One Downloads/Adobe Premiere Pro Audio Previews/Audio Story.PRV/e1dfe566-6394-48a0-a460-68ccea43f40c+7a302c17-623a-17bf-236a-27dd00000049 48000.cfa","9  Temp/Ke smazání/1d Premiere cache/117 e1dfe566-6394-48a0-a460-68ccea43f40c+7a302c17-623a-17bf-236a-27dd00000049 48000.cfa","1048576","OK"
"261004","1d","soubor","3  LCEnglish 🎬/Products/HELE/HELE ASSETS/All In One Downloads/Adobe Premiere Pro Audio Previews/Audio Story.PRV/c5f138a8-fc8c-49ef-901c-da6a5cb1bd66+5a02ff9e-7eaf-bd65-c192-a00100000049 48000.cfa","9  Temp/Ke smazání/1d Premiere cache/118 c5f138a8-fc8c-49ef-901c-da6a5cb1bd66+5a02ff9e-7eaf-bd65-c192-a00100000049 48000.cfa","1048576","OK"
"261004","1d","soubor","3  LCEnglish 🎬/Products/HELE/HELE ASSETS/All In One Downloads/Adobe Premiere Pro Audio Previews/Audio Story.PRV/78e9467e-ff04-41dc-88c7-7435d5eb8b53+7a302c17-623a-17bf-236a-27dd00000049 48000.cfa","9  Temp/Ke smazání/1d Premiere cache/119 78e9467e-ff04-41dc-88c7-7435d5eb8b53+7a302c17-623a-17bf-236a-27dd00000049 48000.cfa","1048576","OK"
"261004","1d","soubor","3  LCEnglish 🎬/Products/HELE/HELE ASSETS/All In One Downloads/Adobe Premiere Pro Audio Previews/Audio Story.PRV/e8ec8eee-4752-45d1-ab67-934c6c5891c5+5a02ff9e-7eaf-bd65-c192-a00100000049 48000.cfa","9  Temp/Ke smazání/1d Premiere cache/120 e8ec8eee-4752-45d1-ab67-934c6c5891c5+5a02ff9e-7eaf-bd65-c192-a00100000049 48000.cfa","1048576","OK"
"261004","1d","soubor","3  LCEnglish 🎬/Products/HELE/HELE ASSETS/All In One Downloads/Adobe Premiere Pro Audio Previews/Audio Story.PRV/67fd62ea-7d97-4712-8d2b-211bb30f5442+5a02ff9e-7eaf-bd65-c192-a00100000049 48000.cfa","9  Temp/Ke smazání/1d Premiere cache/121 67fd62ea-7d97-4712-8d2b-211bb30f5442+5a02ff9e-7eaf-bd65-c192-a00100000049 48000.cfa","1048576","OK"
"261004","1d","soubor","3  LCEnglish 🎬/Products/HELE/HELE ASSETS/All In One Downloads/Adobe Premiere Pro Audio Previews/Audio Story.PRV/0ddb2521-5c89-4eb5-88d5-efda360dd06e+7a302c17-623a-17bf-236a-27dd00000049 48000.cfa","9  Temp/Ke smazání/1d Premiere cache/122 0ddb2521-5c89-4eb5-88d5-efda360dd06e+7a302c17-623a-17bf-236a-27dd00000049 48000.cfa","1048576","OK"
"261004","1d","soubor","3  LCEnglish 🎬/Products/HELE/HELE ASSETS/All In One Downloads/Adobe Premiere Pro Audio Previews/Audio Story.PRV/4abb9102-6c87-4701-8647-f7074dc39253+56d9fad3-05b8-08e0-5002-8ec500000049 48000.cfa","9  Temp/Ke smazání/1d Premiere cache/123 4abb9102-6c87-4701-8647-f7074dc39253+56d9fad3-05b8-08e0-5002-8ec500000049 48000.cfa","21495808","OK"
"261004","1d","soubor","3  LCEnglish 🎬/Products/HELE/HELE ASSETS/All In One Downloads/Adobe Premiere Pro Audio Previews/Audio Story.PRV/97ad21d9-cdee-4068-b659-da76ee028663+d8006886-e0e5-ac17-5684-b70c00000049 48000.cfa","9  Temp/Ke smazání/1d Premiere cache/124 97ad21d9-cdee-4068-b659-da76ee028663+d8006886-e0e5-ac17-5684-b70c00000049 48000.cfa","35651584","OK"
"261004","1d","soubor","3  LCEnglish 🎬/Products/HELE/HELE ASSETS/All In One Downloads/Adobe Premiere Pro Audio Previews/Audio Slow.PRV/2b3d0c86-421c-407b-bc37-4f08a6eb0c61+bb15eeec-535e-40d3-b887-9de700000049 48000.cfa","9  Temp/Ke smazání/1d Premiere cache/125 2b3d0c86-421c-407b-bc37-4f08a6eb0c61+bb15eeec-535e-40d3-b887-9de700000049 48000.cfa","1048576","OK"
"261004","1d","soubor","3  LCEnglish 🎬/Products/HELE/HELE ASSETS/All In One Downloads/Adobe Premiere Pro Audio Previews/Audio Slow.PRV/0a7280d2-1799-4f94-87cf-953842e04bec+bb15eeec-535e-40d3-b887-9de700000049 48000.cfa","9  Temp/Ke smazání/1d Premiere cache/126 0a7280d2-1799-4f94-87cf-953842e04bec+bb15eeec-535e-40d3-b887-9de700000049 48000.cfa","1048576","OK"
"261004","1e","složka","AutoCrat Demo Folder","9  Temp/Ke smazání/1e odpad/AutoCrat Demo Folder","823656","OK"
"261004","1e","složka","Google AI Studio","9  Temp/Ke smazání/1e odpad/Google AI Studio","1895066","OK"
"261004","1e","soubor","3  LCEnglish 🎬/Products/NAUČTE SE UČIT ANGLICKY/10xE Evergreen ASSETS/1 TRAINING/1 MODULES/SADA 1/1 Audio/Nepotvrzeno 648376.crdownload","9  Temp/Ke smazání/1e odpad/crdownload – Nepotvrzeno 648376.crdownload","5992109","OK"
"261004","1e","soubor","3  LCEnglish 🎬/Products/NAUČTE SE UČIT ANGLICKY/10xE Evergreen ASSETS/1 TRAINING/1 MODULES/SADA 1/1 Audio/Nepotvrzeno 133332.crdownload","9  Temp/Ke smazání/1e odpad/crdownload – Nepotvrzeno 133332.crdownload","7401627","OK"
"261004","1b","složka","Z  Archiv/7  BTM/BohemianToastmastersDir/Marketing/01 - Manuals","9  Temp/Ke smazání/1b prázdné složky/001 01 - Manuals","0","OK"
"261004","1b","složka","Z  Archiv/7  BTM/BohemianToastmastersDir/Marketing/04 - Projects","9  Temp/Ke smazání/1b prázdné složky/002 04 - Projects","0","OK"
"261004","1b","složka","2  EDUCATION 📚/KTF/Absolvované/Barokní seminář/Zotero knihovna/files/70","9  Temp/Ke smazání/1b prázdné složky/003 70","0","OK"
"261004","1b","složka","2  EDUCATION 📚/KTF/Absolvované/Proseminář","9  Temp/Ke smazání/1b prázdné složky/004 Proseminář","0","OK"
"261004","1b","složka","5  F2F BIZ 👥/Olympus/19xx Evaluations Archive/1912 Evaluations/1912 DK","9  Temp/Ke smazání/1b prázdné složky/005 1912 DK","0","OK"
"261004","1b","složka","6  RESEARCH & INSPIRATION 🔬/SWIPE FILE/Webinars","9  Temp/Ke smazání/1b prázdné složky/006 Webinars","0","OK"
"261004","1b","složka","6  RESEARCH & INSPIRATION 🔬/SWIPE FILE/Videos","9  Temp/Ke smazání/1b prázdné složky/007 Videos","0","OK"
"261004","1b","složka","3  LCEnglish 🎬/Content/Blog Posts/Zpětný překlad","9  Temp/Ke smazání/1b prázdné složky/008 Zpětný překlad","0","OK"
"261004","1b","složka","3  LCEnglish 🎬/Content/Videos/X  Archive/Take 13  Looking Back at 2017","9  Temp/Ke smazání/1b prázdné složky/009 Take 13  Looking Back at 2017","0","OK"
"261004","1b","složka","3  LCEnglish 🎬/Content/Videos/X  Archive/Take 22  Filming away","9  Temp/Ke smazání/1b prázdné složky/010 Take 22  Filming away","0","OK"
"261004","1b","složka","3  LCEnglish 🎬/Content/Social media/Photos/Seasonal/FBIG seasonal 2023 II/FBIG seasonal 0223 I","9  Temp/Ke smazání/1b prázdné složky/011 FBIG seasonal 0223 I","0","OK"
"261004","1b","složka","3  LCEnglish 🎬/Products/NAUČTE SE UČIT ANGLICKY/10xE Evergreen DOCUMENTS/1 TRAINING/MODULES/1 POROZUMĚNÍ MLUVENÉ ANGLIČTINĚ/5 Seriály/2 PDF texts","9  Temp/Ke smazání/1b prázdné složky/012 2 PDF texts","0","OK"
"261004","1b","složka","3  LCEnglish 🎬/Products/NAUČTE SE UČIT ANGLICKY/10xE Evergreen DOCUMENTS/1 TRAINING/MODULES/1 POROZUMĚNÍ MLUVENÉ ANGLIČTINĚ/5 Seriály/1 Video scripts","9  Temp/Ke smazání/1b prázdné složky/013 1 Video scripts","0","OK"
"261004","1b","složka","3  LCEnglish 🎬/Products/NAUČTE SE UČIT ANGLICKY/10xE Evergreen DOCUMENTS/1 TRAINING/MODULES/1 POROZUMĚNÍ MLUVENÉ ANGLIČTINĚ/2 YouTube/2 PDF texts","9  Temp/Ke smazání/1b prázdné složky/014 2 PDF texts","0","OK"
"261004","1b","složka","3  LCEnglish 🎬/Products/NAUČTE SE UČIT ANGLICKY/10xE Evergreen DOCUMENTS/1 TRAINING/MODULES/1 POROZUMĚNÍ MLUVENÉ ANGLIČTINĚ/2 YouTube/1 Video scripts","9  Temp/Ke smazání/1b prázdné složky/015 1 Video scripts","0","OK"
"261004","1b","složka","3  LCEnglish 🎬/Products/NAUČTE SE UČIT ANGLICKY/10xE Evergreen DOCUMENTS/1 TRAINING/MODULES/1 POROZUMĚNÍ MLUVENÉ ANGLIČTINĚ/6 Záznam z živého vysílání a souhrn/3 Other copy","9  Temp/Ke smazání/1b prázdné složky/016 3 Other copy","0","OK"
"261004","1b","složka","3  LCEnglish 🎬/Products/NAUČTE SE UČIT ANGLICKY/10xE Evergreen DOCUMENTS/1 TRAINING/MODULES/1 POROZUMĚNÍ MLUVENÉ ANGLIČTINĚ/6 Záznam z živého vysílání a souhrn/1 Video scripts","9  Temp/Ke smazání/1b prázdné složky/017 1 Video scripts","0","OK"
"261004","1b","složka","3  LCEnglish 🎬/Products/NAUČTE SE UČIT ANGLICKY/10xE Evergreen DOCUMENTS/1 TRAINING/MODULES/1 POROZUMĚNÍ MLUVENÉ ANGLIČTINĚ/6 Záznam z živého vysílání a souhrn/2 PDF texts","9  Temp/Ke smazání/1b prázdné složky/018 2 PDF texts","0","OK"
"261004","1b","složka","3  LCEnglish 🎬/Products/NAUČTE SE UČIT ANGLICKY/10xE Evergreen DOCUMENTS/1 TRAINING/MODULES/1 POROZUMĚNÍ MLUVENÉ ANGLIČTINĚ/1 Podcasty/2 PDF texts","9  Temp/Ke smazání/1b prázdné složky/019 2 PDF texts","0","OK"
"261004","1b","složka","3  LCEnglish 🎬/Products/NAUČTE SE UČIT ANGLICKY/10xE Evergreen DOCUMENTS/1 TRAINING/MODULES/1 POROZUMĚNÍ MLUVENÉ ANGLIČTINĚ/1 Podcasty/1 Video scripts","9  Temp/Ke smazání/1b prázdné složky/020 1 Video scripts","0","OK"
"261004","1b","složka","3  LCEnglish 🎬/Products/NAUČTE SE UČIT ANGLICKY/10xE Evergreen DOCUMENTS/1 TRAINING/MODULES/1 POROZUMĚNÍ MLUVENÉ ANGLIČTINĚ/3 TED Talks/2 PDF texts","9  Temp/Ke smazání/1b prázdné složky/021 2 PDF texts","0","OK"
"261004","1b","složka","3  LCEnglish 🎬/Products/NAUČTE SE UČIT ANGLICKY/10xE Evergreen DOCUMENTS/1 TRAINING/MODULES/1 POROZUMĚNÍ MLUVENÉ ANGLIČTINĚ/3 TED Talks/1 Video scripts","9  Temp/Ke smazání/1b prázdné složky/022 1 Video scripts","0","OK"
"261004","1b","složka","3  LCEnglish 🎬/Products/NAUČTE SE UČIT ANGLICKY/10xE Evergreen DOCUMENTS/1 TRAINING/MODULES/1 POROZUMĚNÍ MLUVENÉ ANGLIČTINĚ/4 Audioknížky/2 PDF texts","9  Temp/Ke smazání/1b prázdné složky/023 2 PDF texts","0","OK"
"261004","1b","složka","3  LCEnglish 🎬/Products/NAUČTE SE UČIT ANGLICKY/10xE Evergreen DOCUMENTS/1 TRAINING/MODULES/1 POROZUMĚNÍ MLUVENÉ ANGLIČTINĚ/4 Audioknížky/1 Video scripts","9  Temp/Ke smazání/1b prázdné složky/024 1 Video scripts","0","OK"
"261004","1b","složka","3  LCEnglish 🎬/Products/NAUČTE SE UČIT ANGLICKY/10xE Evergreen DOCUMENTS/1 TRAINING/MODULES/1 POROZUMĚNÍ MLUVENÉ ANGLIČTINĚ/0 Úvod/2 PDF texts","9  Temp/Ke smazání/1b prázdné složky/025 2 PDF texts","0","OK"
"261004","1b","složka","3  LCEnglish 🎬/Products/NAUČTE SE UČIT ANGLICKY/10xE Evergreen DOCUMENTS/1 TRAINING/MODULES/0 JAK SE UČIT ANGLICKY - LÉPE A RADOSTNĚJI/1 Než se do toho pustíte/3 Other Copy","9  Temp/Ke smazání/1b prázdné složky/026 3 Other Copy","0","OK"
"261004","1b","složka","3  LCEnglish 🎬/Products/NAUČTE SE UČIT ANGLICKY/10xE Evergreen DOCUMENTS/1 TRAINING/MODULES/0 JAK SE UČIT ANGLICKY - LÉPE A RADOSTNĚJI/3 Stínování/2 PDF texts","9  Temp/Ke smazání/1b prázdné složky/027 2 PDF texts","0","OK"
"261004","1b","složka","3  LCEnglish 🎬/Products/NAUČTE SE UČIT ANGLICKY/10xE Evergreen DOCUMENTS/1 TRAINING/MODULES/0 JAK SE UČIT ANGLICKY - LÉPE A RADOSTNĚJI/2 Průvodce/2 PDF texts","9  Temp/Ke smazání/1b prázdné složky/028 2 PDF texts","0","OK"
"261004","1b","složka","3  LCEnglish 🎬/Products/NAUČTE SE UČIT ANGLICKY/10xE Evergreen DOCUMENTS/1 TRAINING/MODULES/5 PILUJEME GRAMATIKU/2 Jak se vypořádt s gramatikou, která vám nejde/2 PDF texts","9  Temp/Ke smazání/1b prázdné složky/029 2 PDF texts","0","OK"
"261004","1b","složka","3  LCEnglish 🎬/Products/NAUČTE SE UČIT ANGLICKY/10xE Evergreen DOCUMENTS/1 TRAINING/MODULES/5 PILUJEME GRAMATIKU/1 Trable s gramatikou a jak na ně/2 PDF texts","9  Temp/Ke smazání/1b prázdné složky/030 2 PDF texts","0","OK"
"261004","1b","složka","3  LCEnglish 🎬/Products/NAUČTE SE UČIT ANGLICKY/10xE Evergreen DOCUMENTS/1 TRAINING/MODULES/5 PILUJEME GRAMATIKU/1 Trable s gramatikou a jak na ně/3 Other copy","9  Temp/Ke smazání/1b prázdné složky/031 3 Other copy","0","OK"
"261004","1b","složka","3  LCEnglish 🎬/Products/NAUČTE SE UČIT ANGLICKY/10xE Evergreen DOCUMENTS/1 TRAINING/MODULES/5 PILUJEME GRAMATIKU/3 Záznam z živého vysílání a souhrn/3 Other copy","9  Temp/Ke smazání/1b prázdné složky/032 3 Other copy","0","OK"
"261004","1b","složka","3  LCEnglish 🎬/Products/NAUČTE SE UČIT ANGLICKY/10xE Evergreen DOCUMENTS/1 TRAINING/MODULES/5 PILUJEME GRAMATIKU/3 Záznam z živého vysílání a souhrn/1 Video scripts","9  Temp/Ke smazání/1b prázdné složky/033 1 Video scripts","0","OK"
"261004","1b","složka","3  LCEnglish 🎬/Products/NAUČTE SE UČIT ANGLICKY/10xE Evergreen DOCUMENTS/1 TRAINING/MODULES/5 PILUJEME GRAMATIKU/3 Záznam z živého vysílání a souhrn/2 PDF texts","9  Temp/Ke smazání/1b prázdné složky/034 2 PDF texts","0","OK"
"261004","1b","složka","3  LCEnglish 🎬/Products/NAUČTE SE UČIT ANGLICKY/10xE Evergreen DOCUMENTS/1 TRAINING/MODULES/3 JAK ZLEPŠIT MLUVENÍ/3 Jak trénovat mluvení před lidmi a s lidmi/2 PDF texts","9  Temp/Ke smazání/1b prázdné složky/035 2 PDF texts","0","OK"
"261004","1b","složka","3  LCEnglish 🎬/Products/NAUČTE SE UČIT ANGLICKY/10xE Evergreen DOCUMENTS/1 TRAINING/MODULES/3 JAK ZLEPŠIT MLUVENÍ/1 Jak trénovat mluvení v klidu a bezpečí/2 PDF texts","9  Temp/Ke smazání/1b prázdné složky/036 2 PDF texts","0","OK"
"261004","1b","složka","3  LCEnglish 🎬/Products/NAUČTE SE UČIT ANGLICKY/10xE Evergreen DOCUMENTS/1 TRAINING/MODULES/3 JAK ZLEPŠIT MLUVENÍ/2 Jak při mluvení dělat (časem) méně chyb/3 Other copy","9  Temp/Ke smazání/1b prázdné složky/037 3 Other copy","0","OK"
"261004","1b","složka","3  LCEnglish 🎬/Products/NAUČTE SE UČIT ANGLICKY/10xE Evergreen DOCUMENTS/1 TRAINING/MODULES/3 JAK ZLEPŠIT MLUVENÍ/2 Jak při mluvení dělat (časem) méně chyb/2 PDF texts","9  Temp/Ke smazání/1b prázdné složky/038 2 PDF texts","0","OK"
"261004","1b","složka","3  LCEnglish 🎬/Products/NAUČTE SE UČIT ANGLICKY/10xE Evergreen DOCUMENTS/1 TRAINING/MODULES/3 JAK ZLEPŠIT MLUVENÍ/4 Hodiny konverzace s učitelem/2 PDF texts","9  Temp/Ke smazání/1b prázdné složky/039 2 PDF texts","0","OK"
"261004","1b","složka","3  LCEnglish 🎬/Products/NAUČTE SE UČIT ANGLICKY/10xE Evergreen DOCUMENTS/1 TRAINING/MODULES/3 JAK ZLEPŠIT MLUVENÍ/5 Záznam z živého vysílání a souhrn/1 Video scripts","9  Temp/Ke smazání/1b prázdné složky/040 1 Video scripts","0","OK"
"261004","1b","složka","3  LCEnglish 🎬/Products/NAUČTE SE UČIT ANGLICKY/10xE Evergreen DOCUMENTS/1 TRAINING/MODULES/3 JAK ZLEPŠIT MLUVENÍ/5 Záznam z živého vysílání a souhrn/2 PDF texts","9  Temp/Ke smazání/1b prázdné složky/041 2 PDF texts","0","OK"
"261004","1b","složka","3  LCEnglish 🎬/Products/NAUČTE SE UČIT ANGLICKY/10xE Evergreen DOCUMENTS/1 TRAINING/MODULES/2 ZAPRACUJTE NA SLOVNÍ ZÁSOBĚ/5 Kartičky a krabičky/3 Other copy","9  Temp/Ke smazání/1b prázdné složky/042 3 Other copy","0","OK"
"261004","1b","složka","3  LCEnglish 🎬/Products/NAUČTE SE UČIT ANGLICKY/10xE Evergreen DOCUMENTS/1 TRAINING/MODULES/2 ZAPRACUJTE NA SLOVNÍ ZÁSOBĚ/5 Kartičky a krabičky/2 PDF texts","9  Temp/Ke smazání/1b prázdné složky/043 2 PDF texts","0","OK"
"261004","1b","složka","3  LCEnglish 🎬/Products/NAUČTE SE UČIT ANGLICKY/10xE Evergreen DOCUMENTS/1 TRAINING/MODULES/2 ZAPRACUJTE NA SLOVNÍ ZÁSOBĚ/4 Jak je to s učením slovíček/2 PDF texts","9  Temp/Ke smazání/1b prázdné složky/044 2 PDF texts","0","OK"
"261004","1b","složka","3  LCEnglish 🎬/Products/NAUČTE SE UČIT ANGLICKY/10xE Evergreen DOCUMENTS/1 TRAINING/MODULES/2 ZAPRACUJTE NA SLOVNÍ ZÁSOBĚ/4 Jak je to s učením slovíček/3 Other copy","9  Temp/Ke smazání/1b prázdné složky/045 3 Other copy","0","OK"
"261004","1b","složka","3  LCEnglish 🎬/Products/NAUČTE SE UČIT ANGLICKY/10xE Evergreen DOCUMENTS/1 TRAINING/MODULES/2 ZAPRACUJTE NA SLOVNÍ ZÁSOBĚ/2 Elektronické knížky/2 PDF texts","9  Temp/Ke smazání/1b prázdné složky/046 2 PDF texts","0","OK"
"261004","1b","složka","3  LCEnglish 🎬/Products/NAUČTE SE UČIT ANGLICKY/10xE Evergreen DOCUMENTS/1 TRAINING/MODULES/2 ZAPRACUJTE NA SLOVNÍ ZÁSOBĚ/1 Klasické knížky/2 PDF texts","9  Temp/Ke smazání/1b prázdné složky/047 2 PDF texts","0","OK"
"261004","1b","složka","3  LCEnglish 🎬/Products/NAUČTE SE UČIT ANGLICKY/10xE Evergreen DOCUMENTS/1 TRAINING/MODULES/2 ZAPRACUJTE NA SLOVNÍ ZÁSOBĚ/3 Čtení online/2 PDF texts","9  Temp/Ke smazání/1b prázdné složky/048 2 PDF texts","0","OK"
"261004","1b","složka","3  LCEnglish 🎬/Products/NAUČTE SE UČIT ANGLICKY/10xE Evergreen DOCUMENTS/1 TRAINING/MODULES/2 ZAPRACUJTE NA SLOVNÍ ZÁSOBĚ/8 Záznam z živého vysílání a souhrn/3 Other copy","9  Temp/Ke smazání/1b prázdné složky/049 3 Other copy","0","OK"
"261004","1b","složka","3  LCEnglish 🎬/Products/NAUČTE SE UČIT ANGLICKY/10xE Evergreen DOCUMENTS/1 TRAINING/MODULES/2 ZAPRACUJTE NA SLOVNÍ ZÁSOBĚ/8 Záznam z živého vysílání a souhrn/2 PDF texts","9  Temp/Ke smazání/1b prázdné složky/050 2 PDF texts","0","OK"
"261004","1b","složka","3  LCEnglish 🎬/Products/NAUČTE SE UČIT ANGLICKY/10xE Evergreen DOCUMENTS/1 TRAINING/MODULES/2 ZAPRACUJTE NA SLOVNÍ ZÁSOBĚ/8 Záznam z živého vysílání a souhrn/1 Video scripts","9  Temp/Ke smazání/1b prázdné složky/051 1 Video scripts","0","OK"
"261004","1b","složka","3  LCEnglish 🎬/Products/NAUČTE SE UČIT ANGLICKY/10xE Evergreen DOCUMENTS/1 TRAINING/MODULES/2 ZAPRACUJTE NA SLOVNÍ ZÁSOBĚ/7 Metoda Goldlist/2 PDF texts","9  Temp/Ke smazání/1b prázdné složky/052 2 PDF texts","0","OK"
"261004","1b","složka","3  LCEnglish 🎬/Products/NAUČTE SE UČIT ANGLICKY/10xE Evergreen DOCUMENTS/1 TRAINING/MODULES/2 ZAPRACUJTE NA SLOVNÍ ZÁSOBĚ/6 Elektronické aplikace/2 PDF texts","9  Temp/Ke smazání/1b prázdné složky/053 2 PDF texts","0","OK"
"261004","1b","složka","3  LCEnglish 🎬/Products/NAUČTE SE UČIT ANGLICKY/10xE Evergreen DOCUMENTS/1 TRAINING/MODULES/2 ZAPRACUJTE NA SLOVNÍ ZÁSOBĚ/0 Úvod/3 Other copy","9  Temp/Ke smazání/1b prázdné složky/054 3 Other copy","0","OK"
"261004","1b","složka","3  LCEnglish 🎬/Products/NAUČTE SE UČIT ANGLICKY/10xE Evergreen DOCUMENTS/1 TRAINING/MODULES/2 ZAPRACUJTE NA SLOVNÍ ZÁSOBĚ/0 Úvod/2 PDF texts","9  Temp/Ke smazání/1b prázdné složky/055 2 PDF texts","0","OK"
"261004","1b","složka","3  LCEnglish 🎬/Products/NAUČTE SE UČIT ANGLICKY/10xE Evergreen DOCUMENTS/1 TRAINING/MODULES/4 TRÉNUJEME PSANÍ/2 Kdo mi to opraví/2 PDF texts","9  Temp/Ke smazání/1b prázdné složky/056 2 PDF texts","0","OK"
"261004","1b","složka","3  LCEnglish 🎬/Products/NAUČTE SE UČIT ANGLICKY/10xE Evergreen DOCUMENTS/1 TRAINING/MODULES/4 TRÉNUJEME PSANÍ/1 Zpětný překlad/3 Other copy","9  Temp/Ke smazání/1b prázdné složky/057 3 Other copy","0","OK"
"261004","1b","složka","3  LCEnglish 🎬/Products/NAUČTE SE UČIT ANGLICKY/10xE Evergreen DOCUMENTS/1 TRAINING/MODULES/4 TRÉNUJEME PSANÍ/1 Zpětný překlad/2 PDF texts","9  Temp/Ke smazání/1b prázdné složky/058 2 PDF texts","0","OK"
"261004","1b","složka","3  LCEnglish 🎬/Products/NAUČTE SE UČIT ANGLICKY/10xE Evergreen DOCUMENTS/1 TRAINING/MODULES/4 TRÉNUJEME PSANÍ/3 Malé psaní/2 PDF texts","9  Temp/Ke smazání/1b prázdné složky/059 2 PDF texts","0","OK"
"261004","1b","složka","3  LCEnglish 🎬/Products/NAUČTE SE UČIT ANGLICKY/10xE Evergreen DOCUMENTS/1 TRAINING/MODULES/4 TRÉNUJEME PSANÍ/5 Souhrn/2 PDF texts","9  Temp/Ke smazání/1b prázdné složky/060 2 PDF texts","0","OK"
"261004","1b","složka","3  LCEnglish 🎬/Products/NAUČTE SE UČIT ANGLICKY/10xE Evergreen DOCUMENTS/1 TRAINING/MODULES/4 TRÉNUJEME PSANÍ/5 Souhrn/1 Video scripts","9  Temp/Ke smazání/1b prázdné složky/061 1 Video scripts","0","OK"
"261004","1b","složka","3  LCEnglish 🎬/Products/NAUČTE SE UČIT ANGLICKY/10xE Evergreen DOCUMENTS/1 TRAINING/MODULES/4 TRÉNUJEME PSANÍ/4 Velké psaní/2 PDF texts","9  Temp/Ke smazání/1b prázdné složky/062 2 PDF texts","0","OK"
"261004","1b","složka","3  LCEnglish 🎬/Products/NAUČTE SE UČIT ANGLICKY/10xE Evergreen DOCUMENTS/1 TRAINING/MODULES/6 ZÁVĚREČNÁ INVENTURA A PLÁN/Jak dál/PDF texts","9  Temp/Ke smazání/1b prázdné složky/063 PDF texts","0","OK"
"261004","1b","složka","3  LCEnglish 🎬/Products/NAUČTE SE UČIT ANGLICKY/10xE Evergreen DOCUMENTS/1 TRAINING/MODULES/6 ZÁVĚREČNÁ INVENTURA A PLÁN/Jak dál/Other copy","9  Temp/Ke smazání/1b prázdné složky/064 Other copy","0","OK"
"261004","1b","složka","3  LCEnglish 🎬/Products/NAUČTE SE UČIT ANGLICKY/10xE Evergreen DOCUMENTS/1 TRAINING/MODULES/7 OSLAVA/Party time/PDF texts","9  Temp/Ke smazání/1b prázdné složky/065 PDF texts","0","OK"
"261004","1b","složka","3  LCEnglish 🎬/Products/NAUČTE SE UČIT ANGLICKY/10xE Evergreen DOCUMENTS/1 TRAINING/MODULES/7 OSLAVA/Party time/Other copy","9  Temp/Ke smazání/1b prázdné složky/066 Other copy","0","OK"
"261004","1b","složka","3  LCEnglish 🎬/Products/NAUČTE SE UČIT ANGLICKY/10xE Evergreen DOCUMENTS/2 PROMOTION","9  Temp/Ke smazání/1b prázdné složky/067 2 PROMOTION","0","OK"
"261004","1b","složka","3  LCEnglish 🎬/Products/NAUČTE SE UČIT ANGLICKY/10xE Evergreen ASSETS/1 TRAINING/1 MODULES/0 JAK SE UČIT ANGLICKY - LÉPE A RADOSTNĚJI/1 Než se do toho pustíte/3 Copy","9  Temp/Ke smazání/1b prázdné složky/068 3 Copy","0","OK"
"261004","1b","složka","3  LCEnglish 🎬/Products/NAUČTE SE UČIT ANGLICKY/10xE Evergreen ASSETS/1 TRAINING/1 MODULES/0 JAK SE UČIT ANGLICKY - LÉPE A RADOSTNĚJI/1 Než se do toho pustíte/1 Video","9  Temp/Ke smazání/1b prázdné složky/069 1 Video","0","OK"
"261004","1b","složka","3  LCEnglish 🎬/Products/NAUČTE SE UČIT ANGLICKY/10xE Evergreen ASSETS/1 TRAINING/1 MODULES/0 JAK SE UČIT ANGLICKY - LÉPE A RADOSTNĚJI/3 Stínování/1 Video","9  Temp/Ke smazání/1b prázdné složky/070 1 Video","0","OK"
"261004","1b","složka","3  LCEnglish 🎬/Products/NAUČTE SE UČIT ANGLICKY/10xE Evergreen ASSETS/1 TRAINING/1 MODULES/0 JAK SE UČIT ANGLICKY - LÉPE A RADOSTNĚJI/3 Stínování/3 Copy","9  Temp/Ke smazání/1b prázdné složky/071 3 Copy","0","OK"
"261004","1b","složka","3  LCEnglish 🎬/Products/NAUČTE SE UČIT ANGLICKY/10xE Evergreen ASSETS/1 TRAINING/1 MODULES/0 JAK SE UČIT ANGLICKY - LÉPE A RADOSTNĚJI/2 Průvodce/3 Copy","9  Temp/Ke smazání/1b prázdné složky/072 3 Copy","0","OK"
"261004","1b","složka","3  LCEnglish 🎬/Products/NAUČTE SE UČIT ANGLICKY/10xE Evergreen ASSETS/1 TRAINING/1 MODULES/1 POROZUMĚNÍ MLUVENÉ ANGLIČTINĚ/2 YouTube/2 PDFs","9  Temp/Ke smazání/1b prázdné složky/073 2 PDFs","0","OK"
"261004","1b","složka","3  LCEnglish 🎬/Products/NAUČTE SE UČIT ANGLICKY/10xE Evergreen ASSETS/1 TRAINING/1 MODULES/1 POROZUMĚNÍ MLUVENÉ ANGLIČTINĚ/1 Podcasty/2 PDFs","9  Temp/Ke smazání/1b prázdné složky/074 2 PDFs","0","OK"
"261004","1b","složka","3  LCEnglish 🎬/Products/NAUČTE SE UČIT ANGLICKY/10xE Evergreen ASSETS/1 TRAINING/1 MODULES/1 POROZUMĚNÍ MLUVENÉ ANGLIČTINĚ/4 Audioknížky/2 PDFs","9  Temp/Ke smazání/1b prázdné složky/075 2 PDFs","0","OK"
"261004","1b","složka","3  LCEnglish 🎬/Products/NAUČTE SE UČIT ANGLICKY/10xE Evergreen ASSETS/1 TRAINING/1 MODULES/1 POROZUMĚNÍ MLUVENÉ ANGLIČTINĚ/3 TED Talks/2 PDFs","9  Temp/Ke smazání/1b prázdné složky/076 2 PDFs","0","OK"
"261004","1b","složka","3  LCEnglish 🎬/Products/NAUČTE SE UČIT ANGLICKY/10xE Evergreen ASSETS/1 TRAINING/1 MODULES/1 POROZUMĚNÍ MLUVENÉ ANGLIČTINĚ/5 Seriály/2 PDFs","9  Temp/Ke smazání/1b prázdné složky/077 2 PDFs","0","OK"
"261004","1b","složka","3  LCEnglish 🎬/Products/NAUČTE SE UČIT ANGLICKY/10xE Evergreen ASSETS/1 TRAINING/1 MODULES/1 POROZUMĚNÍ MLUVENÉ ANGLIČTINĚ/6 Souhrn/1 Video","9  Temp/Ke smazání/1b prázdné složky/078 1 Video","0","OK"
"261004","1b","složka","3  LCEnglish 🎬/Products/NAUČTE SE UČIT ANGLICKY/10xE Evergreen ASSETS/1 TRAINING/1 MODULES/1 POROZUMĚNÍ MLUVENÉ ANGLIČTINĚ/6 Souhrn/3 Copy","9  Temp/Ke smazání/1b prázdné složky/079 3 Copy","0","OK"
"261004","1b","složka","3  LCEnglish 🎬/Products/NAUČTE SE UČIT ANGLICKY/10xE Evergreen ASSETS/1 TRAINING/1 MODULES/2 ZAPRACUJTE NA SLOVNÍ ZÁSOBĚ/3 Čtení online/2 PDFs","9  Temp/Ke smazání/1b prázdné složky/080 2 PDFs","0","OK"
"261004","1b","složka","3  LCEnglish 🎬/Products/NAUČTE SE UČIT ANGLICKY/10xE Evergreen ASSETS/1 TRAINING/1 MODULES/2 ZAPRACUJTE NA SLOVNÍ ZÁSOBĚ/2 Elektronické knížky/2 PDFs","9  Temp/Ke smazání/1b prázdné složky/081 2 PDFs","0","OK"
"261004","1b","složka","3  LCEnglish 🎬/Products/NAUČTE SE UČIT ANGLICKY/10xE Evergreen ASSETS/1 TRAINING/1 MODULES/2 ZAPRACUJTE NA SLOVNÍ ZÁSOBĚ/1 Klasické knížky/2 PDFs","9  Temp/Ke smazání/1b prázdné složky/082 2 PDFs","0","OK"
"261004","1b","složka","3  LCEnglish 🎬/Products/NAUČTE SE UČIT ANGLICKY/10xE Evergreen ASSETS/1 TRAINING/1 MODULES/2 ZAPRACUJTE NA SLOVNÍ ZÁSOBĚ/4 Jak je to s učením slovíček/2 PDFs","9  Temp/Ke smazání/1b prázdné složky/083 2 PDFs","0","OK"
"261004","1b","složka","3  LCEnglish 🎬/Products/NAUČTE SE UČIT ANGLICKY/10xE Evergreen ASSETS/1 TRAINING/1 MODULES/2 ZAPRACUJTE NA SLOVNÍ ZÁSOBĚ/4 Jak je to s učením slovíček/3 Copy","9  Temp/Ke smazání/1b prázdné složky/084 3 Copy","0","OK"
"261004","1b","složka","3  LCEnglish 🎬/Products/NAUČTE SE UČIT ANGLICKY/10xE Evergreen ASSETS/1 TRAINING/1 MODULES/2 ZAPRACUJTE NA SLOVNÍ ZÁSOBĚ/6 Elektronické aplikace/2 PDFs","9  Temp/Ke smazání/1b prázdné složky/085 2 PDFs","0","OK"
"261004","1b","složka","3  LCEnglish 🎬/Products/NAUČTE SE UČIT ANGLICKY/10xE Evergreen ASSETS/1 TRAINING/1 MODULES/2 ZAPRACUJTE NA SLOVNÍ ZÁSOBĚ/5 Kartičky a krabičky/2 PDFs","9  Temp/Ke smazání/1b prázdné složky/086 2 PDFs","0","OK"
"261004","1b","složka","3  LCEnglish 🎬/Products/NAUČTE SE UČIT ANGLICKY/10xE Evergreen ASSETS/1 TRAINING/1 MODULES/2 ZAPRACUJTE NA SLOVNÍ ZÁSOBĚ/5 Kartičky a krabičky/3 Copy","9  Temp/Ke smazání/1b prázdné složky/087 3 Copy","0","OK"
"261004","1b","složka","3  LCEnglish 🎬/Products/NAUČTE SE UČIT ANGLICKY/10xE Evergreen ASSETS/1 TRAINING/1 MODULES/2 ZAPRACUJTE NA SLOVNÍ ZÁSOBĚ/7 Metoda Goldlist/2 PDFs","9  Temp/Ke smazání/1b prázdné složky/088 2 PDFs","0","OK"
"261004","1b","složka","3  LCEnglish 🎬/Products/NAUČTE SE UČIT ANGLICKY/10xE Evergreen ASSETS/1 TRAINING/1 MODULES/2 ZAPRACUJTE NA SLOVNÍ ZÁSOBĚ/7 Metoda Goldlist/1 Video","9  Temp/Ke smazání/1b prázdné složky/089 1 Video","0","OK"
"261004","1b","složka","3  LCEnglish 🎬/Products/NAUČTE SE UČIT ANGLICKY/10xE Evergreen ASSETS/1 TRAINING/1 MODULES/2 ZAPRACUJTE NA SLOVNÍ ZÁSOBĚ/8 Souhrn/1 Video","9  Temp/Ke smazání/1b prázdné složky/090 1 Video","0","OK"
"261004","1b","složka","3  LCEnglish 🎬/Products/NAUČTE SE UČIT ANGLICKY/10xE Evergreen ASSETS/1 TRAINING/1 MODULES/2 ZAPRACUJTE NA SLOVNÍ ZÁSOBĚ/8 Souhrn/3 Copy","9  Temp/Ke smazání/1b prázdné složky/091 3 Copy","0","OK"
"261004","1b","složka","3  LCEnglish 🎬/Products/NAUČTE SE UČIT ANGLICKY/10xE Evergreen ASSETS/1 TRAINING/1 MODULES/3 JAK ZLEPŠIT MLUVENÍ/3 Jak trénovat mluvení před lidmi a s lidmi/2 PDFs","9  Temp/Ke smazání/1b prázdné složky/092 2 PDFs","0","OK"
"261004","1b","složka","3  LCEnglish 🎬/Products/NAUČTE SE UČIT ANGLICKY/10xE Evergreen ASSETS/1 TRAINING/1 MODULES/3 JAK ZLEPŠIT MLUVENÍ/1 Jak trénovat mluvení v klidu a bezpečí/2 PDFs","9  Temp/Ke smazání/1b prázdné složky/093 2 PDFs","0","OK"
"261004","1b","složka","3  LCEnglish 🎬/Products/NAUČTE SE UČIT ANGLICKY/10xE Evergreen ASSETS/1 TRAINING/1 MODULES/3 JAK ZLEPŠIT MLUVENÍ/2 Jak při mluvení dělat (časem) méně chyb/3 Copy","9  Temp/Ke smazání/1b prázdné složky/094 3 Copy","0","OK"
"261004","1b","složka","3  LCEnglish 🎬/Products/NAUČTE SE UČIT ANGLICKY/10xE Evergreen ASSETS/1 TRAINING/1 MODULES/3 JAK ZLEPŠIT MLUVENÍ/2 Jak při mluvení dělat (časem) méně chyb/2 PDFs","9  Temp/Ke smazání/1b prázdné složky/095 2 PDFs","0","OK"
"261004","1b","složka","3  LCEnglish 🎬/Products/NAUČTE SE UČIT ANGLICKY/10xE Evergreen ASSETS/1 TRAINING/1 MODULES/3 JAK ZLEPŠIT MLUVENÍ/4 Hodiny konverzace s učitelem/2 PDFs","9  Temp/Ke smazání/1b prázdné složky/096 2 PDFs","0","OK"
"261004","1b","složka","3  LCEnglish 🎬/Products/NAUČTE SE UČIT ANGLICKY/10xE Evergreen ASSETS/1 TRAINING/1 MODULES/3 JAK ZLEPŠIT MLUVENÍ/0 Úvod","9  Temp/Ke smazání/1b prázdné složky/097 0 Úvod","0","OK"
"261004","1b","složka","3  LCEnglish 🎬/Products/NAUČTE SE UČIT ANGLICKY/10xE Evergreen ASSETS/1 TRAINING/1 MODULES/3 JAK ZLEPŠIT MLUVENÍ/5 Souhrn/1 Video","9  Temp/Ke smazání/1b prázdné složky/098 1 Video","0","OK"
"261004","1b","složka","3  LCEnglish 🎬/Products/NAUČTE SE UČIT ANGLICKY/10xE Evergreen ASSETS/1 TRAINING/1 MODULES/4 TRÉNUJEME PSANÍ/1 Zpětný překlad/2 PDFs","9  Temp/Ke smazání/1b prázdné složky/099 2 PDFs","0","OK"
"261004","1b","složka","3  LCEnglish 🎬/Products/NAUČTE SE UČIT ANGLICKY/10xE Evergreen ASSETS/1 TRAINING/1 MODULES/4 TRÉNUJEME PSANÍ/1 Zpětný překlad/3 Copy","9  Temp/Ke smazání/1b prázdné složky/100 3 Copy","0","OK"
"261004","1b","složka","3  LCEnglish 🎬/Products/NAUČTE SE UČIT ANGLICKY/10xE Evergreen ASSETS/1 TRAINING/1 MODULES/4 TRÉNUJEME PSANÍ/2 Kdo mi to opraví/2 PDFs","9  Temp/Ke smazání/1b prázdné složky/101 2 PDFs","0","OK"
"261004","1b","složka","3  LCEnglish 🎬/Products/NAUČTE SE UČIT ANGLICKY/10xE Evergreen ASSETS/1 TRAINING/1 MODULES/4 TRÉNUJEME PSANÍ/5 Souhrn/1 Video","9  Temp/Ke smazání/1b prázdné složky/102 1 Video","0","OK"
"261004","1b","složka","3  LCEnglish 🎬/Products/NAUČTE SE UČIT ANGLICKY/10xE Evergreen ASSETS/1 TRAINING/1 MODULES/4 TRÉNUJEME PSANÍ/5 Souhrn/3 Copy","9  Temp/Ke smazání/1b prázdné složky/103 3 Copy","0","OK"
"261004","1b","složka","3  LCEnglish 🎬/Products/NAUČTE SE UČIT ANGLICKY/10xE Evergreen ASSETS/1 TRAINING/1 MODULES/4 TRÉNUJEME PSANÍ/3 Malé psaní/2 PDFs","9  Temp/Ke smazání/1b prázdné složky/104 2 PDFs","0","OK"
"261004","1b","složka","3  LCEnglish 🎬/Products/NAUČTE SE UČIT ANGLICKY/10xE Evergreen ASSETS/1 TRAINING/1 MODULES/4 TRÉNUJEME PSANÍ/4 Velké psaní/2 PDFs","9  Temp/Ke smazání/1b prázdné složky/105 2 PDFs","0","OK"
"261004","1b","složka","3  LCEnglish 🎬/Products/NAUČTE SE UČIT ANGLICKY/10xE Evergreen ASSETS/1 TRAINING/1 MODULES/4 TRÉNUJEME PSANÍ/0 Úvod","9  Temp/Ke smazání/1b prázdné složky/106 0 Úvod","0","OK"
"261004","1b","složka","3  LCEnglish 🎬/Products/NAUČTE SE UČIT ANGLICKY/10xE Evergreen ASSETS/1 TRAINING/1 MODULES/5 PILUJEME GRAMATIKU/1 Trable s gramatikou/3 Copy","9  Temp/Ke smazání/1b prázdné složky/107 3 Copy","0","OK"
"261004","1b","složka","3  LCEnglish 🎬/Products/NAUČTE SE UČIT ANGLICKY/10xE Evergreen ASSETS/1 TRAINING/1 MODULES/5 PILUJEME GRAMATIKU/1 Trable s gramatikou/2 PDFs","9  Temp/Ke smazání/1b prázdné složky/108 2 PDFs","0","OK"
"261004","1b","složka","3  LCEnglish 🎬/Products/NAUČTE SE UČIT ANGLICKY/10xE Evergreen ASSETS/1 TRAINING/1 MODULES/5 PILUJEME GRAMATIKU/2 Jak se vypořádat s gramatikou, která vám nejde/2 PDFs","9  Temp/Ke smazání/1b prázdné složky/109 2 PDFs","0","OK"
"261004","1b","složka","3  LCEnglish 🎬/Products/NAUČTE SE UČIT ANGLICKY/10xE Evergreen ASSETS/1 TRAINING/1 MODULES/5 PILUJEME GRAMATIKU/3 Souhrn/1 Video","9  Temp/Ke smazání/1b prázdné složky/110 1 Video","0","OK"
"261004","1b","složka","3  LCEnglish 🎬/Products/NAUČTE SE UČIT ANGLICKY/10xE Evergreen ASSETS/1 TRAINING/1 MODULES/5 PILUJEME GRAMATIKU/3 Souhrn/3 Copy","9  Temp/Ke smazání/1b prázdné složky/111 3 Copy","0","OK"
"261004","1b","složka","3  LCEnglish 🎬/Products/NAUČTE SE UČIT ANGLICKY/10xE Evergreen ASSETS/1 TRAINING/1 MODULES/5 PILUJEME GRAMATIKU/0 Úvod","9  Temp/Ke smazání/1b prázdné složky/112 0 Úvod","0","OK"
"261004","1b","složka","3  LCEnglish 🎬/Products/NAUČTE SE UČIT ANGLICKY/10xE Evergreen ASSETS/1 TRAINING/1 MODULES/6 ZÁVĚREČNÁ INVENTURA A PLÁN/1 Jak dál/1 Video","9  Temp/Ke smazání/1b prázdné složky/113 1 Video","0","OK"
"261004","1b","složka","3  LCEnglish 🎬/Products/NAUČTE SE UČIT ANGLICKY/10xE Evergreen ASSETS/1 TRAINING/1 MODULES/7 OSLAVA","9  Temp/Ke smazání/1b prázdné složky/114 7 OSLAVA","0","OK"
"261004","1b","složka","3  LCEnglish 🎬/Products/NAUČTE SE UČIT ANGLICKY/10xE VIDEOS postproduction/MODULES/4 TRÉNUJEME PSANÍ/5 Souhrn","9  Temp/Ke smazání/1b prázdné složky/115 5 Souhrn","0","OK"
"261004","1b","složka","3  LCEnglish 🎬/Products/NAUČTE SE UČIT ANGLICKY/10xE VIDEOS postproduction/MODULES/4 TRÉNUJEME PSANÍ/0 Úvod/Premiere/Copied_M4 Psaní úvod/Adobe Premiere Pro Video Previews","9  Temp/Ke smazání/1b prázdné složky/116 Adobe Premiere Pro Video Previews","0","OK"
"261004","1b","složka","3  LCEnglish 🎬/Products/NAUČTE SE UČIT ANGLICKY/10xE VIDEOS postproduction/MODULES/4 TRÉNUJEME PSANÍ/0 Úvod/Premiere/Copied_M4 Psaní úvod/Adobe Premiere Pro Audio Previews","9  Temp/Ke smazání/1b prázdné složky/117 Adobe Premiere Pro Audio Previews","0","OK"
"261004","1b","složka","3  LCEnglish 🎬/Products/NAUČTE SE UČIT ANGLICKY/10xE VIDEOS postproduction/MODULES/4 TRÉNUJEME PSANÍ/0 Úvod/Premiere/Copied_M4 Psaní úvod/Media Cache","9  Temp/Ke smazání/1b prázdné složky/118 Media Cache","0","OK"
"261004","1b","složka","3  LCEnglish 🎬/Products/NAUČTE SE UČIT ANGLICKY/10xE VIDEOS postproduction/MODULES/1 POROZUMĚNÍ MLUVENÉ ANGLIČTINĚ/6 Záznam z živého vysílání a souhrn","9  Temp/Ke smazání/1b prázdné složky/119 6 Záznam z živého vysílání a souhrn","0","OK"
"261004","1b","složka","3  LCEnglish 🎬/Products/NAUČTE SE UČIT ANGLICKY/10xE VIDEOS postproduction/MODULES/1 POROZUMĚNÍ MLUVENÉ ANGLIČTINĚ/0 Úvod/PremPro/Copied_M1 Porozumění úvod/Adobe Premiere Pro Video Previews","9  Temp/Ke smazání/1b prázdné složky/120 Adobe Premiere Pro Video Previews","0","OK"
"261004","1b","složka","3  LCEnglish 🎬/Products/NAUČTE SE UČIT ANGLICKY/10xE VIDEOS postproduction/MODULES/1 POROZUMĚNÍ MLUVENÉ ANGLIČTINĚ/0 Úvod/PremPro/Copied_M1 Porozumění úvod/Adobe Premiere Pro Audio Previews","9  Temp/Ke smazání/1b prázdné složky/121 Adobe Premiere Pro Audio Previews","0","OK"
"261004","1b","složka","3  LCEnglish 🎬/Products/NAUČTE SE UČIT ANGLICKY/10xE VIDEOS postproduction/MODULES/1 POROZUMĚNÍ MLUVENÉ ANGLIČTINĚ/0 Úvod/PremPro/Copied_M1 Porozumění úvod/Media Cache","9  Temp/Ke smazání/1b prázdné složky/122 Media Cache","0","OK"
"261004","1b","složka","3  LCEnglish 🎬/Products/NAUČTE SE UČIT ANGLICKY/10xE VIDEOS postproduction/MODULES/1 POROZUMĚNÍ MLUVENÉ ANGLIČTINĚ/0 Úvod/Camtasia","9  Temp/Ke smazání/1b prázdné složky/123 Camtasia","0","OK"
"261004","1b","složka","3  LCEnglish 🎬/Products/NAUČTE SE UČIT ANGLICKY/10xE VIDEOS postproduction/MODULES/3 JAK ZLEPŠIT MLUVENÍ/1 Jak trénovat mluvení v klidu a bezpečí","9  Temp/Ke smazání/1b prázdné složky/124 1 Jak trénovat mluvení v klidu a bezpečí","0","OK"
"261004","1b","složka","3  LCEnglish 🎬/Products/NAUČTE SE UČIT ANGLICKY/10xE VIDEOS postproduction/MODULES/3 JAK ZLEPŠIT MLUVENÍ/3 Jak trénovat mluvení před lidmi a s lidmi","9  Temp/Ke smazání/1b prázdné složky/125 3 Jak trénovat mluvení před lidmi a s lidmi","0","OK"
"261004","1b","složka","3  LCEnglish 🎬/Products/NAUČTE SE UČIT ANGLICKY/10xE VIDEOS postproduction/MODULES/3 JAK ZLEPŠIT MLUVENÍ/5 Záznam z živého vysílání a souhrn","9  Temp/Ke smazání/1b prázdné složky/126 5 Záznam z živého vysílání a souhrn","0","OK"
"261004","1b","složka","3  LCEnglish 🎬/Products/NAUČTE SE UČIT ANGLICKY/10xE VIDEOS postproduction/MODULES/3 JAK ZLEPŠIT MLUVENÍ/0 Úvod/PremPro/Copied_M3 mluvení úvod/Adobe Premiere Pro Audio Previews","9  Temp/Ke smazání/1b prázdné složky/127 Adobe Premiere Pro Audio Previews","0","OK"
"261004","1b","složka","3  LCEnglish 🎬/Products/NAUČTE SE UČIT ANGLICKY/10xE VIDEOS postproduction/MODULES/3 JAK ZLEPŠIT MLUVENÍ/0 Úvod/PremPro/Copied_M3 mluvení úvod/Media Cache","9  Temp/Ke smazání/1b prázdné složky/128 Media Cache","0","OK"
"261004","1b","složka","3  LCEnglish 🎬/Products/NAUČTE SE UČIT ANGLICKY/10xE VIDEOS postproduction/MODULES/3 JAK ZLEPŠIT MLUVENÍ/0 Úvod/PremPro/Copied_M3 mluvení úvod/Adobe Premiere Pro Video Previews","9  Temp/Ke smazání/1b prázdné složky/129 Adobe Premiere Pro Video Previews","0","OK"
"261004","1b","složka","3  LCEnglish 🎬/Products/NAUČTE SE UČIT ANGLICKY/10xE VIDEOS postproduction/MODULES/2 ZAPRACUJTE NA SLOVNÍ ZÁSOBĚ/8 Záznam z živého vysílání a souhrn","9  Temp/Ke smazání/1b prázdné složky/130 8 Záznam z živého vysílání a souhrn","0","OK"
"261004","1b","složka","3  LCEnglish 🎬/Products/NAUČTE SE UČIT ANGLICKY/10xE VIDEOS postproduction/MODULES/2 ZAPRACUJTE NA SLOVNÍ ZÁSOBĚ/7 Metoda Goldlist","9  Temp/Ke smazání/1b prázdné složky/131 7 Metoda Goldlist","0","OK"
"261004","1b","složka","3  LCEnglish 🎬/Products/NAUČTE SE UČIT ANGLICKY/10xE VIDEOS postproduction/MODULES/2 ZAPRACUJTE NA SLOVNÍ ZÁSOBĚ/5 Kartičky a krabičky","9  Temp/Ke smazání/1b prázdné složky/132 5 Kartičky a krabičky","0","OK"
"261004","1b","složka","3  LCEnglish 🎬/Products/NAUČTE SE UČIT ANGLICKY/10xE VIDEOS postproduction/MODULES/2 ZAPRACUJTE NA SLOVNÍ ZÁSOBĚ/0 Úvod/PremPro/Copied_M2 Slovní zásoba/Adobe Premiere Pro Audio Previews","9  Temp/Ke smazání/1b prázdné složky/133 Adobe Premiere Pro Audio Previews","0","OK"
"261004","1b","složka","3  LCEnglish 🎬/Products/NAUČTE SE UČIT ANGLICKY/10xE VIDEOS postproduction/MODULES/2 ZAPRACUJTE NA SLOVNÍ ZÁSOBĚ/0 Úvod/PremPro/Copied_M2 Slovní zásoba/Media Cache","9  Temp/Ke smazání/1b prázdné složky/134 Media Cache","0","OK"
"261004","1b","složka","3  LCEnglish 🎬/Products/NAUČTE SE UČIT ANGLICKY/10xE VIDEOS postproduction/MODULES/2 ZAPRACUJTE NA SLOVNÍ ZÁSOBĚ/0 Úvod/PremPro/Copied_M2 Slovní zásoba/Adobe Premiere Pro Video Previews","9  Temp/Ke smazání/1b prázdné složky/135 Adobe Premiere Pro Video Previews","0","OK"
"261004","1b","složka","3  LCEnglish 🎬/Products/NAUČTE SE UČIT ANGLICKY/10xE VIDEOS postproduction/MODULES/2 ZAPRACUJTE NA SLOVNÍ ZÁSOBĚ/0 Úvod/Camtasia","9  Temp/Ke smazání/1b prázdné složky/136 Camtasia","0","OK"
"261004","1b","složka","3  LCEnglish 🎬/Products/NAUČTE SE UČIT ANGLICKY/10xE VIDEOS postproduction/MODULES/5 PILUJEME GRAMATIKU/3 Záznam z živého vysílání a souhrn","9  Temp/Ke smazání/1b prázdné složky/137 3 Záznam z živého vysílání a souhrn","0","OK"
"261004","1b","složka","3  LCEnglish 🎬/Products/NAUČTE SE UČIT ANGLICKY/10xE VIDEOS postproduction/MODULES/5 PILUJEME GRAMATIKU/0 Úvod/Premiere/Copied_M5 gramatika úvod/Adobe Premiere Pro Video Previews","9  Temp/Ke smazání/1b prázdné složky/138 Adobe Premiere Pro Video Previews","0","OK"
"261004","1b","složka","3  LCEnglish 🎬/Products/NAUČTE SE UČIT ANGLICKY/10xE VIDEOS postproduction/MODULES/5 PILUJEME GRAMATIKU/0 Úvod/Premiere/Copied_M5 gramatika úvod/Adobe Premiere Pro Audio Previews","9  Temp/Ke smazání/1b prázdné složky/139 Adobe Premiere Pro Audio Previews","0","OK"
"261004","1b","složka","3  LCEnglish 🎬/Products/NAUČTE SE UČIT ANGLICKY/10xE VIDEOS postproduction/MODULES/5 PILUJEME GRAMATIKU/0 Úvod/Premiere/Copied_M5 gramatika úvod/Media Cache","9  Temp/Ke smazání/1b prázdné složky/140 Media Cache","0","OK"
"261004","1b","složka","3  LCEnglish 🎬/Products/NAUČTE SE UČIT ANGLICKY/10xE VIDEOS postproduction/MODULES/0 JAK SE UČIT ANGLICKY - LÉPE A RADOSTNĚJI/3 Stínování/PremPro/Copied_Stínování/Media Cache","9  Temp/Ke smazání/1b prázdné složky/141 Media Cache","0","OK"
"261004","1b","složka","3  LCEnglish 🎬/Products/NAUČTE SE UČIT ANGLICKY/10xE VIDEOS postproduction/MODULES/0 JAK SE UČIT ANGLICKY - LÉPE A RADOSTNĚJI/3 Stínování/PremPro/Copied_Stínování/Adobe Premiere Pro Video Previews","9  Temp/Ke smazání/1b prázdné složky/142 Adobe Premiere Pro Video Previews","0","OK"
"261004","1b","složka","3  LCEnglish 🎬/Products/NAUČTE SE UČIT ANGLICKY/10xE VIDEOS postproduction/MODULES/0 JAK SE UČIT ANGLICKY - LÉPE A RADOSTNĚJI/3 Stínování/PremPro/Copied_Stínování/Adobe Premiere Pro Audio Previews","9  Temp/Ke smazání/1b prázdné složky/143 Adobe Premiere Pro Audio Previews","0","OK"
"261004","1b","složka","3  LCEnglish 🎬/Products/NAUČTE SE UČIT ANGLICKY/10xE VIDEOS postproduction/MODULES/0 JAK SE UČIT ANGLICKY - LÉPE A RADOSTNĚJI/3 Stínování/Camtasia","9  Temp/Ke smazání/1b prázdné složky/144 Camtasia","0","OK"
"261004","1b","složka","3  LCEnglish 🎬/Products/NAUČTE SE UČIT ANGLICKY/10xE VIDEOS postproduction/MODULES/0 JAK SE UČIT ANGLICKY - LÉPE A RADOSTNĚJI/1 Než se do toho pustíte/PremPro/Copied_1 úvod/Adobe Premiere Pro Video Previews","9  Temp/Ke smazání/1b prázdné složky/145 Adobe Premiere Pro Video Previews","0","OK"
"261004","1b","složka","3  LCEnglish 🎬/Products/NAUČTE SE UČIT ANGLICKY/10xE VIDEOS postproduction/MODULES/0 JAK SE UČIT ANGLICKY - LÉPE A RADOSTNĚJI/1 Než se do toho pustíte/PremPro/Copied_1 úvod/Adobe Premiere Pro Audio Previews","9  Temp/Ke smazání/1b prázdné složky/146 Adobe Premiere Pro Audio Previews","0","OK"
"261004","1b","složka","3  LCEnglish 🎬/Products/NAUČTE SE UČIT ANGLICKY/10xE VIDEOS postproduction/MODULES/0 JAK SE UČIT ANGLICKY - LÉPE A RADOSTNĚJI/1 Než se do toho pustíte/PremPro/Copied_1 úvod/Media Cache","9  Temp/Ke smazání/1b prázdné složky/147 Media Cache","0","OK"
"261004","1b","složka","3  LCEnglish 🎬/Products/NAUČTE SE UČIT ANGLICKY/10xE VIDEOS postproduction/MODULES/0 JAK SE UČIT ANGLICKY - LÉPE A RADOSTNĚJI/2 Průvodce/Camtasia","9  Temp/Ke smazání/1b prázdné složky/148 Camtasia","0","OK"
"261004","1b","složka","3  LCEnglish 🎬/Products/NAUČTE SE UČIT ANGLICKY/10xE VIDEOS postproduction/MODULES/0 JAK SE UČIT ANGLICKY - LÉPE A RADOSTNĚJI/2 Průvodce/PremPro/Copied_2 Průvodce/Adobe Premiere Pro Video Previews","9  Temp/Ke smazání/1b prázdné složky/149 Adobe Premiere Pro Video Previews","0","OK"
"261004","1b","složka","3  LCEnglish 🎬/Products/NAUČTE SE UČIT ANGLICKY/10xE VIDEOS postproduction/MODULES/0 JAK SE UČIT ANGLICKY - LÉPE A RADOSTNĚJI/2 Průvodce/PremPro/Copied_2 Průvodce/Media Cache","9  Temp/Ke smazání/1b prázdné složky/150 Media Cache","0","OK"
"261004","1b","složka","3  LCEnglish 🎬/Products/NAUČTE SE UČIT ANGLICKY/10xE VIDEOS postproduction/MODULES/0 JAK SE UČIT ANGLICKY - LÉPE A RADOSTNĚJI/2 Průvodce/PremPro/Copied_2 Průvodce/Adobe Premiere Pro Audio Previews","9  Temp/Ke smazání/1b prázdné složky/151 Adobe Premiere Pro Audio Previews","0","OK"
"261004","1b","složka","3  LCEnglish 🎬/Products/NAUČTE SE UČIT ANGLICKY/10xE VIDEOS postproduction/MODULES/6 ZÁVĚREČNÁ INVENTURA A PLÁN/1 Jak dál/Camtasia","9  Temp/Ke smazání/1b prázdné složky/152 Camtasia","0","OK"
"261004","1b","složka","3  LCEnglish 🎬/Products/NAUČTE SE UČIT ANGLICKY/10xE VIDEOS postproduction/MODULES/6 ZÁVĚREČNÁ INVENTURA A PLÁN/1 Jak dál/PremPro/Copied_Plán/Adobe Premiere Pro Video Previews","9  Temp/Ke smazání/1b prázdné složky/153 Adobe Premiere Pro Video Previews","0","OK"
"261004","1b","složka","3  LCEnglish 🎬/Products/NAUČTE SE UČIT ANGLICKY/10xE VIDEOS postproduction/MODULES/6 ZÁVĚREČNÁ INVENTURA A PLÁN/1 Jak dál/PremPro/Copied_Plán/Adobe Premiere Pro Audio Previews","9  Temp/Ke smazání/1b prázdné složky/154 Adobe Premiere Pro Audio Previews","0","OK"
"261004","1b","složka","3  LCEnglish 🎬/Products/NAUČTE SE UČIT ANGLICKY/10xE VIDEOS postproduction/MODULES/6 ZÁVĚREČNÁ INVENTURA A PLÁN/1 Jak dál/PremPro/Copied_Plán/Media Cache","9  Temp/Ke smazání/1b prázdné složky/155 Media Cache","0","OK"
"261004","1b","složka","3  LCEnglish 🎬/Products/NAUČTE SE UČIT ANGLICKY/10xE VIDEOS postproduction/MODULES/7 OSLAVA/1 Party Time/Premiere/Copied_ZZ Oslava/Media Cache","9  Temp/Ke smazání/1b prázdné složky/156 Media Cache","0","OK"
"261004","1b","složka","3  LCEnglish 🎬/Products/NAUČTE SE UČIT ANGLICKY/10xE VIDEOS postproduction/MODULES/7 OSLAVA/1 Party Time/Premiere/Copied_ZZ Oslava/Adobe Premiere Pro Audio Previews","9  Temp/Ke smazání/1b prázdné složky/157 Adobe Premiere Pro Audio Previews","0","OK"
"261004","1b","složka","3  LCEnglish 🎬/Products/NAUČTE SE UČIT ANGLICKY/10xE VIDEOS postproduction/MODULES/7 OSLAVA/1 Party Time/Premiere/Copied_ZZ Oslava/Adobe Premiere Pro Video Previews","9  Temp/Ke smazání/1b prázdné složky/158 Adobe Premiere Pro Video Previews","0","OK"
"261004","1b","složka","3  LCEnglish 🎬/Products/HELE/HELE ASSETS/E02 In The Taxi/Adobe Premiere Pro Captured Video","9  Temp/Ke smazání/1b prázdné složky/159 Adobe Premiere Pro Captured Video","0","OK"
"261004","1b","složka","3  LCEnglish 🎬/Products/HELE/HELE ASSETS/Final Cut All Episodes/E07/Adobe Premiere Pro Audio Previews","9  Temp/Ke smazání/1b prázdné složky/160 Adobe Premiere Pro Audio Previews","0","OK"
"261004","1b","složka","3  LCEnglish 🎬/Products/HELE/HELE ASSETS/Final Cut All Episodes/E10/Adobe Premiere Pro Audio Previews","9  Temp/Ke smazání/1b prázdné složky/161 Adobe Premiere Pro Audio Previews","0","OK"
"261004","1b","složka","3  LCEnglish 🎬/Products/HELE/HELE ASSETS/Final Cut All Episodes/E09/Adobe Premiere Pro Audio Previews","9  Temp/Ke smazání/1b prázdné složky/162 Adobe Premiere Pro Audio Previews","0","OK"
"261004","1b","složka","3  LCEnglish 🎬/Products/HELE/HELE ASSETS/Final Cut All Episodes/E02/Adobe Premiere Pro Audio Previews","9  Temp/Ke smazání/1b prázdné složky/163 Adobe Premiere Pro Audio Previews","0","OK"
"261004","1b","složka","3  LCEnglish 🎬/Products/HELE/HELE ASSETS/Final Cut All Episodes/E05/Adobe Premiere Pro Audio Previews","9  Temp/Ke smazání/1b prázdné složky/164 Adobe Premiere Pro Audio Previews","0","OK"
"261004","1b","složka","3  LCEnglish 🎬/Products/HELE/HELE ASSETS/Final Cut All Episodes/E13/Adobe Premiere Pro Audio Previews","9  Temp/Ke smazání/1b prázdné složky/165 Adobe Premiere Pro Audio Previews","0","OK"
"261004","1b","složka","3  LCEnglish 🎬/Products/HELE/HELE ASSETS/Final Cut All Episodes/E11/Adobe Premiere Pro Audio Previews","9  Temp/Ke smazání/1b prázdné složky/166 Adobe Premiere Pro Audio Previews","0","OK"
"261004","1b","složka","3  LCEnglish 🎬/Products/HELE/HELE ASSETS/Final Cut All Episodes/E14/Adobe Premiere Pro Audio Previews","9  Temp/Ke smazání/1b prázdné složky/167 Adobe Premiere Pro Audio Previews","0","OK"
"261004","1b","složka","3  LCEnglish 🎬/Products/HELE/HELE ASSETS/Final Cut All Episodes/E12/Adobe Premiere Pro Audio Previews","9  Temp/Ke smazání/1b prázdné složky/168 Adobe Premiere Pro Audio Previews","0","OK"
"261004","1b","složka","3  LCEnglish 🎬/Products/HELE/HELE ASSETS/Final Cut All Episodes/E04/Adobe Premiere Pro Audio Previews","9  Temp/Ke smazání/1b prázdné složky/169 Adobe Premiere Pro Audio Previews","0","OK"
"261004","1b","složka","3  LCEnglish 🎬/Products/HELE/HELE ASSETS/Final Cut All Episodes/E06/Adobe Premiere Pro Audio Previews","9  Temp/Ke smazání/1b prázdné složky/170 Adobe Premiere Pro Audio Previews","0","OK"
"261004","1b","složka","3  LCEnglish 🎬/Products/HELE/HELE ASSETS/Final Cut All Episodes/E15/Adobe Premiere Pro Audio Previews","9  Temp/Ke smazání/1b prázdné složky/171 Adobe Premiere Pro Audio Previews","0","OK"
"261004","1b","složka","3  LCEnglish 🎬/Products/HELE/HELE ASSETS/Final Cut All Episodes/E16/Adobe Premiere Pro Audio Previews","9  Temp/Ke smazání/1b prázdné složky/172 Adobe Premiere Pro Audio Previews","0","OK"
"261004","1b","složka","3  LCEnglish 🎬/Products/HELE/HELE ASSETS/Final Cut All Episodes/E01/Adobe Premiere Pro Auto-Save/Adobe Premiere Pro Audio Previews","9  Temp/Ke smazání/1b prázdné složky/173 Adobe Premiere Pro Audio Previews","0","OK"
"261004","1b","složka","3  LCEnglish 🎬/Products/HELE/HELE ASSETS/Final Cut All Episodes/E01/Adobe Premiere Pro Captured Audio","9  Temp/Ke smazání/1b prázdné složky/174 Adobe Premiere Pro Captured Audio","0","OK"
"261004","1b","složka","3  LCEnglish 🎬/Products/HELE/HELE ASSETS/Final Cut All Episodes/E01/Adobe Premiere Pro Audio Previews","9  Temp/Ke smazání/1b prázdné složky/175 Adobe Premiere Pro Audio Previews","0","OK"
"261004","1b","složka","3  LCEnglish 🎬/Products/HELE/HELE ASSETS/Final Cut All Episodes/E03/Adobe Premiere Pro Audio Previews","9  Temp/Ke smazání/1b prázdné složky/176 Adobe Premiere Pro Audio Previews","0","OK"
"261004","1b","složka","3  LCEnglish 🎬/Products/HELE/HELE ASSETS/Final Cut All Episodes/E08/Adobe Premiere Pro Audio Previews","9  Temp/Ke smazání/1b prázdné složky/177 Adobe Premiere Pro Audio Previews","0","OK"
"261004","1b","složka","3  LCEnglish 🎬/Products/HELE/HELE ASSETS/E01 Getting Ready/Adobe Premiere Pro Captured Audio","9  Temp/Ke smazání/1b prázdné složky/178 Adobe Premiere Pro Captured Audio","0","OK"
"261004","1b","složka","3  LCEnglish 🎬/Products/HELE/HELE ASSETS/E01 Getting Ready/Adobe Premiere Pro Captured Video","9  Temp/Ke smazání/1b prázdné složky/179 Adobe Premiere Pro Captured Video","0","OK"
"261004","1b","složka","3  LCEnglish 🎬/Products/HELE/HELE ASSETS/E05 Mr. Dunn/Adobe Premiere Pro Captured Audio","9  Temp/Ke smazání/1b prázdné složky/180 Adobe Premiere Pro Captured Audio","0","OK"
"261004","1b","složka","3  LCEnglish 🎬/Products/HELE/HELE ASSETS/E06 Alice Is Upset/E06 LN folder/E06 LN extras","9  Temp/Ke smazání/1b prázdné složky/181 E06 LN extras","0","OK"
"261004","1b","složka","3  LCEnglish 🎬/Products/HELE/HELE ASSETS/E06 Alice Is Upset/Adobe Premiere Pro Captured Audio","9  Temp/Ke smazání/1b prázdné složky/182 Adobe Premiere Pro Captured Audio","0","OK"
"261004","1b","složka","3  LCEnglish 🎬/Products/HELE/HELE ASSETS/E17 Safe At Last/E17 Lesson Notes folder/E17 extras","9  Temp/Ke smazání/1b prázdné složky/183 E17 extras","0","OK"
"261004","1b","složka","3  LCEnglish 🎬/Products/HELE/HELE ASSETS/E17 Safe At Last/E17 Lesson Notes folder/Adobe Premiere Pro Captured Audio","9  Temp/Ke smazání/1b prázdné složky/184 Adobe Premiere Pro Captured Audio","0","OK"
"261004","1b","složka","3  LCEnglish 🎬/Products/HELE/HELE ASSETS/E16 Thank Goodness/E16 Lesson Notes folder/E16 LN extras","9  Temp/Ke smazání/1b prázdné složky/185 E16 LN extras","0","OK"
"261004","1b","složka","3  LCEnglish 🎬/Products/HELE/HELE ASSETS/E16 Thank Goodness/E16 Lesson Notes folder/Adobe Premiere Pro Captured Audio","9  Temp/Ke smazání/1b prázdné složky/186 Adobe Premiere Pro Captured Audio","0","OK"
"261004","1b","složka","3  LCEnglish 🎬/Products/HELE/HELE ASSETS/E15 Look A Video/E15 Lesson Notes folder/E15 extras","9  Temp/Ke smazání/1b prázdné složky/187 E15 extras","0","OK"
"261004","1b","složka","3  LCEnglish 🎬/Products/HELE/HELE ASSETS/E15 Look A Video/E15 Lesson Notes folder/Adobe Premiere Pro Captured Audio","9  Temp/Ke smazání/1b prázdné složky/188 Adobe Premiere Pro Captured Audio","0","OK"
"261004","1b","složka","3  LCEnglish 🎬/Products/HELE/HELE ASSETS/E14 Hiding/E14 LN folder/Adobe Premiere Pro Captured Audio","9  Temp/Ke smazání/1b prázdné složky/189 Adobe Premiere Pro Captured Audio","0","OK"
"261004","1b","složka","3  LCEnglish 🎬/Products/HELE/HELE ASSETS/E13 Time To Panic/E13 LN folder/E13 extras","9  Temp/Ke smazání/1b prázdné složky/190 E13 extras","0","OK"
"261004","1b","složka","3  LCEnglish 🎬/Products/HELE/HELE ASSETS/E13 Time To Panic/E13 LN folder/Adobe Premiere Pro Captured Audio","9  Temp/Ke smazání/1b prázdné složky/191 Adobe Premiere Pro Captured Audio","0","OK"
"261004","1b","složka","3  LCEnglish 🎬/Products/HELE/HELE ASSETS/E12 The Mobile Phone/E12 LN folder/Adobe Premiere Pro Captured Audio","9  Temp/Ke smazání/1b prázdné složky/192 Adobe Premiere Pro Captured Audio","0","OK"
"261004","1b","složka","3  LCEnglish 🎬/Products/HELE/HELE ASSETS/E11 The Discovery/E11 LN folder/E11 extras","9  Temp/Ke smazání/1b prázdné složky/193 E11 extras","0","OK"
"261004","1b","složka","3  LCEnglish 🎬/Products/HELE/HELE ASSETS/E11 The Discovery/E11 LN folder/Adobe Premiere Pro Captured Audio","9  Temp/Ke smazání/1b prázdné složky/194 Adobe Premiere Pro Captured Audio","0","OK"
"261004","1b","složka","3  LCEnglish 🎬/Products/HELE/HELE ASSETS/E10 So Serious/E10 LN folder/Adobe Premiere Pro Captured Audio","9  Temp/Ke smazání/1b prázdné složky/195 Adobe Premiere Pro Captured Audio","0","OK"
"261004","1b","složka","3  LCEnglish 🎬/Products/HELE/HELE ASSETS/E10 So Serious/E10 LN folder/Adobe Premiere Pro Captured Video","9  Temp/Ke smazání/1b prázdné složky/196 Adobe Premiere Pro Captured Video","0","OK"
"261004","1b","složka","3  LCEnglish 🎬/Products/HELE/HELE ASSETS/E07 Time To Leave/E07 LN folder/Adobe Premiere Pro Captured Audio","9  Temp/Ke smazání/1b prázdné složky/197 Adobe Premiere Pro Captured Audio","0","OK"
"261004","1b","složka","3  LCEnglish 🎬/Products/HELE/HELE ASSETS/E08 Walking Home/E08 LN folder/Adobe Premiere Pro Captured Audio","9  Temp/Ke smazání/1b prázdné složky/198 Adobe Premiere Pro Captured Audio","0","OK"
"261004","1b","složka","3  LCEnglish 🎬/Products/HELE/HELE ASSETS/E09 The Shortcut/E09 LN folder/Adobe Premiere Pro Captured Audio","9  Temp/Ke smazání/1b prázdné složky/199 Adobe Premiere Pro Captured Audio","0","OK"
"261004","1b","složka","3  LCEnglish 🎬/Products/HELE/HELE ASSETS/All In One Downloads/Adobe Premiere Pro Audio Previews","9  Temp/Ke smazání/1b prázdné složky/200 Adobe Premiere Pro Audio Previews","0","OK"
"261004","1b","složka","3  LCEnglish 🎬/Products/HELE/HELE 2408/Video Sales Letter audio_data/e08/d00","9  Temp/Ke smazání/1b prázdné složky/201 d00","0","OK"
"261004","1b","složka","3  LCEnglish 🎬/Products/HELE/HELE 2408/Video Sales Letter audio_data/e08/d08","9  Temp/Ke smazání/1b prázdné složky/202 d08","0","OK"
"261004","1b","složka","3  LCEnglish 🎬/Products/HELE/HELE 2408/Video Sales Letter audio_data/e08/d02","9  Temp/Ke smazání/1b prázdné složky/203 d02","0","OK"
"261004","1b","složka","3  LCEnglish 🎬/Products/HELE/HELE 2408/Video Sales Letter audio_data/e08/d01","9  Temp/Ke smazání/1b prázdné složky/204 d01","0","OK"
"261004","1b","složka","3  LCEnglish 🎬/Products/Shadowloop/TOP25x3/nouns/nouns pic files/small","9  Temp/Ke smazání/1b prázdné složky/205 small","0","OK"
"261004","1b","složka","3  LCEnglish 🎬/Products/Shadowloop/TOP25x3/nouns/nouns sound files","9  Temp/Ke smazání/1b prázdné složky/206 nouns sound files","0","OK"
"261004","1b","složka","3  LCEnglish 🎬/Products/Shadowloop/TOP25x3/adj/adj sound files","9  Temp/Ke smazání/1b prázdné složky/207 adj sound files","0","OK"
"261004","1b","složka","3  LCEnglish 🎬/Products/Shadowloop/TOP25x3/verbs/verbs pic files/small","9  Temp/Ke smazání/1b prázdné složky/208 small","0","OK"
"261004","1b","složka","3  LCEnglish 🎬/Products/Shadowloop/TOP25x3/verbs/verbs sound files","9  Temp/Ke smazání/1b prázdné složky/209 verbs sound files","0","OK"
"261004","1b","složka","3  LCEnglish 🎬/Products/Shadowloop/TOP25x3/adj pic files/small","9  Temp/Ke smazání/1b prázdné složky/210 small","0","OK"
"261004","1b","složka","3  LCEnglish 🎬/Tech/list downloads","9  Temp/Ke smazání/1b prázdné složky/211 list downloads","0","OK"
"261004","1b","složka","4  lenkadvorakova.cz 💻/Inspiration & Ideas/Danny Iny How to Be Different Workshop","9  Temp/Ke smazání/1b prázdné složky/212 Danny Iny How to Be Different Workshop","0","OK"
"261004","1b","složka","4  lenkadvorakova.cz 💻/Inspiration & Ideas/TadyLenka content ideas","9  Temp/Ke smazání/1b prázdné složky/213 TadyLenka content ideas","0","OK"
"261004","1b","složka","4  lenkadvorakova.cz 💻/Content/Substack/XX   Archiv","9  Temp/Ke smazání/1b prázdné složky/214 XX   Archiv","0","OK"
"261004","1b","složka","Creator Studio","9  Temp/Ke smazání/1b prázdné složky/215 Creator Studio","0","OK"
"261004","1b","složka","Uloženo z Chromu","9  Temp/Ke smazání/1b prázdné složky/216 Uloženo z Chromu","0","OK"
