handy_id,Title,Author,ISBN
1,Novokřtěnci v Münsteru,"Vlnas, Vít",9788071065050
2,Leonardo and the Last Supper,"King, Ross",9781408831182
3,Sága rodu Forsythû - K pronajmutí,"Galsworthy, John",8020703047
4,Progress to Proficiency Student's book: New Edition (New Progress to First Certificate),"Jones, Leo",9780521425759
5,Uncovering Grammar,"Thornbury, Scott",9780333952825
6,Certificate in Advanced English Practice Tests Student's Book With Key New Edition,"Harrison, Mark",9780194533935
7,The English Hub 1 Student's Book,,9789605098711
8,New Cambridge Advanced English Teacher's book,"Jones, Leo",9780521629416
9,New Cambridge Advanced English Student's book,"Jones, Leo",9780521629393
10,New Progress to First Certificate Workbook with answers,"Jones, Leo",9780521774253
11,New Progress to First Certificate Self-study student's book,"Jones, Leo",9780521499880
12,Nová cvičebnice anglické gramatiky: 8500 příkladů s řešením na protější straně,"Gráf, Tomáš",9788086195001
13,Francouzské pohádky & bajky,"Perrault, Charles",9788086113517
14,Progress to Proficiency Teacher's book: New Edition (New Progress to First Certificate),"Jones, Leo",9780521425742
15,English Grammar in Use,"Murphy, Raymond",9780521436809
16,Essential Grammar in Use,"Murphy, Raymond",9780521357708
17,English for Business Communication Student's book,"Sweeney, Simon",9780521446204
18,The Vanishing Velázquez: A 19th Century Bookseller's Obsession with a Lost Masterpiece,"Cumming, Laura",9781476762180
19,Oxford Collocations Dictionary for Students of English,"McIntosh, Colin",9780194312431
20,Cambridge Grammar of English Paperback with CD-ROM: A Comprehensive Guide,"Wells, Arthur James",9780521674393
21,An introduction to Pontormo: “A great but neglected painter and draftsman of the first part of the 16th century”,"Jones, Jonah",9788856403732
22,František Josef Šlik a česká barokní krajina,"Rychnová, Lucie",9788088013990
23,Katedrála v Remeši,"Kováč, Peter",9788090429857
24,Gardner's Art Through the Ages,"Croix, Horst de la",9780155037694
25,The Florentines: From Dante to Galileo,"Strathern, Paul",9781786498748
26,A Little Life,"Yanagihara, Hanya",9781447294832
27,The Marriage of Cadmus and Harmony,"Calasso, Roberto",9780241399200
28,Hamnet,"O'Farrell, Maggie",9781472223821
29,The Kite Runner,"Hosseini, Khaled",9781408824863
30,The Stationery Shop of Tehran,"Kamali, Marjan",9781471185014
31,Homage to Catalonia,"Orwell, George",9780141183053
32,The Closing of the Western Mind: The Rise of Faith and the Fall of Reason,"Freeman, Charles",9781400033805
33,SPQR,"Beard, Mary",9781846683817
34,Emperor,"Beard, Mary",9781846683794
35,History of the World in Twelve Maps,"Brotton, Jerry",9780141034935
36,"Guns, Germs and Steel: A Short History of Everybody for the Last 13,000 Years","Diamond, Jared",9780099302780
37,"To Hell and Back: Europe, 1914-1949","Kershaw, Ian",9780141980430
38,Historia del mundo contada para escépticos,"Galán, Juan Eslava",9788408123828
39,The Silk Roads,"Frankopan, Peter",9781408839997
40,Prisoners Of Geography,"Marshall, Tim",9781783962433
41,Rise And Fall Of The House Of Medici,"Hibbert, Christopher",9780140050905
42,Eine feine Gesellschaft: Skandale und Intrigen an Europas Königs- und Kaiserhäusern,"Winkelhofer, Martina",9783492308816
43,Die Geheimnisse des Vatikan,"author, unknown",9783406815379
44,Religion For Atheists,"Botton, Alain de",9780141046310
45,Es klopft,"Hohler, Franz",9783630872667
46,American Dirt,"Cummins, Jeanine",9781472261397
47,Vanishing Half,"Bennett, Brit",9780349701462
48,Swing Time,"Smith, Zadie",9780241247310
49,Yellowface,"Kuang, Rebecca F.",9780008532789
50,Matrix,"Groff, Lauren",9781785151910
51,Eleanor Oliphant is Completely Fine,"Honeyman, Gail",9780008172114
52,The Book of Longings,"Kidd, Sue Monk",9781472232519
53,The Silence of The Girls,"Barker, Pat",9780241983201
54,Circe,"Miller, Madeline",9781408890042
55,The Collected Stories of Lydia Davis,"Davis, Lydia",9780374270605
56,Shōgun,"Clavell, James",9780340766163
57,Nineteen Eighty Four,"Orwell, George",9780141187761
58,Lolita,"Nabokov, Vladimir",9780140108088
59,The Catcher in the Rye,"Salinger, J.D.",9780140237498
60,Never Let Me Go,"Ishiguro, Kazuo",9780571272136
61,Brave New World,"Huxley, Aldous",9780099477464
62,Lonesome Dove,"McMurtry, Larry",9781447203056
63,The Nightingale,"Hannah, Kristin",9781447283072
64,Underground Railroad,"Whitehead, Colson",9780708898406
65,Manual for Cleaning Women,"Berlin, Lucia",9781447294894
66,Help,"Stockett, Kathryn",9780141039282
67,Where the Crawdads Sing,"Owens, Delia",9781472154668
68,The Hobbit,"Tolkien, J.R.R.",9780006754022
69,The Fellowship of the Ring,"Tolkien, J.R.R.",9780007129706
70,The Two Towers,"Tolkien, J.R.R.",9780007129713
71,The Return of the King,"Tolkien, J.R.R.",9780007129720
72,Father Brown,"Chesterton, G. K.",9781853260032
73,A Tale of Two Cities,"Dickens, Charles",9780140620788
74,Adventures of Sherlock Holmes,"Doyle, Arthur Conan",9780140621006
75,White Fang and the Call of the Wild,"London, Jack",9780140621143
76,Adventures of Huckleberry Finn,"Twain, Mark",9780140620641
77,Northanger Abbey,"Austen, Jane",9780140620757
78,The Jungle Book,"Kipling, Rudyard",9780140621044
79,Tess of the D'Urbervilles,"Hardy, Thomas",9780140620207
80,The Great Gatsby,"Fitzgerald, F. Scott",9780140620184
81,Around the World in 80 Days,"Verne, Jules",9780140620320
82,Jane Eyre,"Brontë, Charlotte",9780140620115
83,Pickwick Papers,"Dickens, Charles",9780140621105
84,Lady Chatterley's Lover,"Lawrence, D.H.",9780140622508
85,Tender is the Night,"Fitzgerald, F. Scott",9780140622607
86,Hound of the Baskervilles,"Doyle, Arthur Conan",9780140621976
87,Through the Looking Glass,"Carroll, Lewis",9780140620870
88,Red Badge of Courage,"Crane, Stephen",9780140620894
89,Macbeth,"Shakespeare, William",9780140714012
90,Hamlet,"Shakespeare, William",9780140714050
91,As You Like It,"Shakespeare, William",9780140714173
92,Three Men in a Boat,"Jerome, Jerome K.",9781853260513
93,To Kill a Mockingbird,"Lee, Harper",9780099549482
94,Lincoln in the Bardo,"Saunders, George",9781408871775
95,Lives of Girls and Women,"Munro, Alice",9781784700881
96,The God Of Small Things,"Roy, Arundhati",9780006550686
97,The Book of Strange New Things,"Faber, Michel",9781782114086
98,The Inheritance of Loss,"Desai, Kiran",9780141027289
99,White Teeth,"Smith, Zadie",9780140276336
100,The Complete Yes Minister,"Lynn, Jonathan",9780563206651
101,Haweswater,"Hall, Sarah",9780571209309
102,One Flew Over the Cuckoo's Nest,"Kesey, Ken",9780140043129
103,Animal Farm,"Orwell, George",9780141182704
104,"Twelfth Night, Or, What You Will","Shakespeare, William",9780486292908
105,Dubliners,"Joyce, James",9780486268705
106,Collected Stories of F. Scott Fitzgerald: Flappers and Philosophers and Tales of the Jazz Age,"Fitzgerald, F. Scott",9780760786307
107,The Swerve: How the Renaissance Began,"Greenblatt, Stephen",9780099572442
108,Dominion,"Holland, Tom",9780349141206
109,Orbital,"Harvey, Samantha",9781529922936
110,Intermezzo,"Rooney, Sally",9780571365470
111,The Thirty Years War,"Wedgwood, C.V.",9781590171462
112,The Fraud,"Smith, Zadie",9780241983096
113,"Women in the Picture: Women, Art and the Power of Looking","McCormack, Catherine",9781785786952
114,Confronting The Classics,"Beard, Mary",9781781250495
115,Martin Luther: Renegade and Prophet,"Roper, Lyndal",9781784703448
116,The Books that Shaped Art History: From Gombrich and Greenberg to Alpers and Krauss,"RICHARD, SHONE",9780500293027
117,Women Artists: The Linda Nochlin Reader,"Nochlin, Linda",9780500295557
118,Pursuit of Glory: Europe 1648 To 1815,"Blanning, Timothy C.W.",9780140166675
119,How to Be a Renaissance Woman: The Untold History of Beauty & Female Creativity,"Burke, Jill",9781788166676
120,The Awakening: A History of the Western Mind AD 500 - 1700,"Freeman, Charles",9781789545630
121,Art history: A critical introduction to its methods,"Hatt, Michael",9780719069598
122,Metody dějin umění,"Kroupa, Jiří",9788021053151
123,Jan Blažej Santini a svět jeho architektury,"Bachtík, Jakub",9788070374313
124,Středověké malířství v Čechách,"Royt, Jan",9788024602653
125,Ikonografie Karlova mostu,"Royt, Jan",9788090913004
126,James,"Everett, Percival",9781035031245
127,The Safekeep,"Wouden, Yael van der",9780241652305
128,Classical Art: From Greece to Rome (Oxford History of Art),"Beard, Mary",9780192842374
129,The Greek Vase: Art of the storyteller,"Oakley, John",9780714122953
130,Largo pétalo de mar,"Allende, Isabel",9781984899163
131,La Sombra Del Viento,"Zafón, Carlos Ruiz",9780974872407
132,El entenado,"Saer, Juan José",9789968636254
133,Nesmrtelnost,"Borges, Jorge Luis",9788086202358
134,En el tiempo de las mariposas,"Alvarez, Julia",9780452286863
135,La Casa de los Espíritus (Spanish Edition),"Allende, Isabel",9780060951306
136,La tesis de Nancy,"Sender, Ramón J.",9788421820735
137,Las batallas en el desierto (Spanish Edition),"Pacheco, José Emilio",9788483832356
138,Patria,"Aramburu, Fernando",9788490667316
139,Todo esto te daré,"Redondo, Dolores",9788408196440
140,Eva Luna,"Allende, Isabel",9788497592512
141,Inés del alma mía,"Allende, Isabel",9788466357609
142,Violeta,"Allende, Isabel",9788466362887
143,Corazon tan blanco,"Marías, Javier",9788483461402
144,Vivir para contarla,"Márquez, Gabriel García",9788497598736
145,La vida imaginaria,"Torres, Mara",9788408181163
146,A flor de piel,"Moro, Javier",9788432239007
147,Vivir del viento,"Vázquez-Figueroa, Alberto",9788497934114
148,Nada,"Laforet, Carmen",9788423342792
149,Dos mujeres en Praga,"Millás, Juan José",9788467004977
150,Bodas de sangre,"Lorca, Federico García",9788437605609
151,El baile de la Victoria,"Skármeta, Antonio",9788408053293
152,El manuscrito carmesí,"Gala, Antonio",9788408040330
153,La Pasion Turca,"Gala, Antonio",9788408046998
154,El hereje,"Delibes, Miguel",9788423333219
155,La vida invisible,"Prada, Juan Manuel de",9788467013924
156,Niebla,"Unamuno, Miguel de",9788437603476
157,"Como agua para chocolate: Novela de entregas mensuales, con recetas, amores y remedios caseros","Esquivel, Laura",9783150197387
158,Cien años de soledad,"Márquez, Gabriel García",9788437604947
159,El amor en los tiempos del cólera,"Márquez, Gabriel García",9788401242304
160,Cronica de una Muerte Anunciada,"Márquez, Gabriel García",9788401242243
161,Kronika ohlášené smrti,"Márquez, Gabriel García",8085906732
162,Sto roků samoty,"Márquez, Gabriel García",8085906716
163,Pantaleón a jeho ženská rota,"Llosa, Mario Vargas",8090147755
164,Narraciones,"Borges, Jorge Luis",8437602351
165,The Merchant of Venice,"Shakespeare, William",
166,Romeo and Juliet,"Shakespeare, William",
167,Shirley,"Brontë, Charlotte",
168,The Wonderful Wizard of Oz,"Baum, Lyman Frank",0451518640
169,Cesty křesťanského umění,"Borchgrave, Helen de",9788024208053
170,Slovník biblické ikonografie,"Royt, Jan",9788024609638
171,Kennzeichen und Attribute der Heiligen.,"Wimmer, Otto",9783702223540
172,Die geheime Sprache der Kunst: Die Bedeutung von Symbolen und Figuren in der abendländischen Malerei,"Carr-Gomm, Sarah",9783809430919
173,Svatý Václav: Panovník a světec v raném středověku,"Vaníček, Vratislav",9788074325014
174,"Jan Nepomucký, česká legenda","Vlnas, Vít",9788074322785
175,Slovník námětů a symbolů ve výtvarném umění,"Hall, James",8020402055
176,Einführung in die Ikonographie: Wege zur Deutung von Bildinhalten,"Büttner, Frank",9783406742804
177,Burgund,"Van Loo, Bart",9783406813658
178,Domy na Starém Městě pražském III.,"Šámal, Petr",9788071069744
179,Domy na Starém Městě pražském I.,"Šámal, Petr",9788071068105
180,Domy na Starém Městě pražském II.,"Šámal, Petr",9788071069119
181,Domy na Starém Městě pražském IV.,"Šámal, Petr",9788074220975
182,Petrská čtvrt dům od domu,"Novotný, Avel",9788072773619
183,Most přes řeku Kwai,"Boulle, Pierre",
184,Hájili jsme hrad,"Eastlake, William",
185,Černošský Pán Bůh a páni Izraeliti,"Bradford, Roark",
186,Jak jsem vyhrál válku,"Ryan, Patrick",
187,Pan Kaplan má stále třídu rád,"Rosten, Leo",
188,Literární poklesky,"Leacick, Stephen",
189,Malvína z Bretaně,"Jerome, Jerome K.",
190,Deadwood,"Dexter, Pete",
191,Mladí lvi,"Shaw, Irwin",
192,Velký Gatsby,"Fitzgerald, Francis Scott",8090103138
193,Muž se srdcem kovboje,"Schaefer, Jack",
194,Kentaur,"Updike, John",
195,Pobertové,"Faulkner, William",
196,Farma zvířat,"Orwell, George",8020801596
197,When: The Scientific Secrets of Perfect Timing,"Pink, Daniel H.",9780525542780
198,Why Read the Classics?,"Calvino, Italo",9780141189703
199,13 Ways of Looking at the Novel,"Smiley, Jane",9781400033188
200,Inferior,"Saini, Angela",9780008172039
201,Lolita,"Nabokov, Vladimir",802070308X
202,Bůh ví,"Heller, Joseph",8020702938
203,Ohňostroj marnosti,"Wolfe, Tom",8020703527
204,Osud trůnu habsburského,"Galandauer, Jan",
205,Temno,"Čornejová, Ivana",9788076372863
206,Dějiny 20. století,"Johnson, Paul",9788073351458
207,O smyslu českých dějin,"Pekař, Josef",
208,Staroměstská exekuce,"Petráň, Josef",9788024650555
209,Objevení Tróje,"Zamarovský, Vojtěch",
210,"Rudolf, korunní princ a rebel","Hamannová, Brigitte",8020704337
211,Husitská revoluce: Stručná historie,"Čornej, Petr",9788076371897
212,Hadí doupě,"Christie, Agatha",
213,Kostel sv. Ignáce z Loyoly,"Horyna, Mojmír",9788071950608
214,Něžná je noc,"Fitzgerald, Francis Scott",9788020204714
215,Ikonologie,"Ripa, Cesare",9788025727850
216,Atributy světců,"Pfleiderer, Rudolf",
217,Stručné dějiny světa pro mladé čtenáře,"Gombrich, E.H.",9788072039159
218,Význam ve výtvarném umění,"Panofsky, Erwin",
219,Atributy v umění díl II.,"Ryneš, Václav",
220,Německo a Češi - Dějiny jednoho sousedství uprostřed Evropy,"Seibt, Ferdinand",9788020005779
221,Mezinárodní perspektivy politických regionů,"Hnízdo, Bořek",8085241951
222,Kapitoly z dějin mezinárodních vztahů 1914 - 1941,"Moravcová, Dagmar",8085241706
223,Kapitoly z dějin evropské politiky do roku 1648,"Drška, Václav",8085241870
224,Kapitoly z dějin mezinárodních vztahů 1648 - 1914,"Skřivan, Aleš",8085241579
226,Sapiens: Úchvatný i úděsný příběh lidstva,"Harari, Yuval Noah",9788073353889
227,Encyklopedie českých klášterů,"Vlček, Pavel",9788085983173
228,Královská trilogie,"Čechura, Jaroslav",9788073606343
229,Ve stínu tvých křídel: Habsburkové v českých dějinách,"Čornejová, Ivana",9788085785203
230,Dějiny českých zemí,"Pánek, Jaroslav",9788024639949
231,Navzdory závisti: Životní příběh Albrechta z Valdštejna,"Francek, Jindrich",9788086515748
232,Albion: The Origins of the English Imagination,"Ackroyd, Peter",9780099438076
233,Twilight of History,"Sand, Shlomo",9781786630223
234,"God's Shadow: The Ottoman Sultan Who Shaped the Modern World: The Untold Story of Sultan Selim, His Ottoman Empire and the Making of the Modern World.","Mikhail, Alan",9780571331932
235,Von Anfang an Europa: Die Geschichte unseres Kontinents,"Hellfeld, Matthias von",9783451385520
236,"Hebrejky. Biblické matky, démonky, královny i milenky","Fingerland, Jan",9788090873506
237,A History of the Roman Empire in 21 Women,"Southon, Emma",9780861542307
238,V Evropě,"Mak, Geert",9788087474761
239,Voyage d'un Europeen à travers le XXe siecle,"Mak, Geert",9782070774388
240,Das Jahrhundert meines Vaters,"Mak, Geert",9783442733477
241,Philip II,"Parker, Geoffrey",9780747400707
242,Faust,"Goethe, Johann Wolfgang von",9788074073762
243,Die Päpste und ihre Maler: Von Raffael bis Tizian,"Zapperi, Roberto",9783406669767
244,Spätantike und frühchristliche Kunst: Eine Einführung in die christliche Archäologie,"Sorries, Reiner",9783825235215
245,Vyplenění Říma,"Chastel, André",9788086598505
246,Kilián Ignác Dientzenhofer a umělci jeho okruhu,,8070350032
247,Tom Lake,"Patchett, Ann",9781526664297
248,Katedrála v Chartres: Francouzské umění rané a vrcholné gotiky,"Kováč, Petr",9788090429840
249,"River East, River West","Lescure, Aube Rey",9780715655627
250,This Is Happiness,"Williams, Niall",9781526609359
251,Brotherless Night,"Ganeshananthan, V.V.",9780241997673
252,Normal People: One million copies sold,"Rooney, Sally",9780571334650
253,Conversations with Friends,"Rooney, Sally",9780571333134
254,Americanah,"Adichie, Chimamanda Ngozi",9780007356348
255,The Idiot,"Batuman, Elif",9780099583172
256,Little Fires Everywhere: The New York Times Top Ten Bestseller Celeste Ng,"Ng, Celeste",9780349142920
257,Call Me By Your Name,"Aciman, André",9781786495259
258,The Bookseller of Florence: Vespasiano da Bisticci and the Manuscripts that Illuminated the Renaissance,"King, Ross",9781784709372
259,The Guns of August,"Tuchman, Barbara W.",9780345476098
260,Una historia de la guerra civil que no va a gustar a nadie,"Galán, Juan Eslava",9788408114635
261,The Spanish Civil War: A Very Short Introduction,"Graham, Helen",9780192803771
262,Una historia de España,"Pérez-Reverte, Arturo",9788466350686
263,Mythos: The Greek Myths Retold,"Fry, Stephen",9781405934138
264,All the Light We Cannot See,"Doerr, Anthony",9780007548699
265,The Goldfinch,"Tartt, Donna",9780349139630
266,Tattooist Of Auschwitz,"Morris, Heather",9781785763649
267,The Testament of Mariam,"Swinfen, Ann",9780992822842
268,Wild Game,"Brodeur, Adrienne",9781784742584
269,The Complete Winnie-the-Pooh,"Milne, A.A.",9780603562136
270,"Beautiful World, Where Are You","Rooney, Sally",9780571365432
271,Obléhání Krišnapuru,"Farrell, James Fordon",8020701605
272,Jaro na jídelním listku,"Henry, O",
273,Rosemary má děťátko - Stepfordské paničky,"Levin, Ira",
274,Komu zvoní hrana,"Hemingway, Ernest",
275,Červený pokoj,"Strindberg, August",
276,Cesta do Říma,"Moravia, Alberto",
277,Beautiful Summer (Penguin European Writers),"Pavese, Cesare",9780241983393
278,If on a Winter's Night a Traveller,"Calvino, Italo",9780749399238
279,Svíce dohořívají,"Márai, Sándor",9788086938455
280,Cesta do Indie,"Forster, E. M.",9788086938585
281,Netrpělivost srdce,"Zweig, Stefan",9788086938400
282,Milovaná,"Morrison, Toni",9788086938301
283,Modlitba pro Kateřinu Horowitzovou,"Lustig, Arnošt",9788086938240
284,Milenec,"Duras, Marguerite",9788086938363
285,Deník bláznivého starce,"Tanizaki, Džuničiró",9788086938639
286,Nuda,"Moravia, Alberto",9788086938356
287,Z hlubin,"Atwood, Margaret",9788086938547
288,Den pro Šakala,"Forsyth, Frederick",9788086938172
289,Egypťan Sinuhet,"Waltari, Mika",
290,Zahradníkův rok - Měl jsem psa a kočku - Kalendář,"Čapek, Karel",
291,Ze společné tvorby,"Čapek, Karel",
292,Marsyas - Jak se co dělá,"Čapek, Karel",
293,Lingo: A Language Spotter's Guide to Europe,"Dorren, Gaston",9781781254172
294,"Eats, Shoots & Leaves: The Zero Tolerance Approach to Punctuation","Truss, Lynne",9781592400874
295,The Loom of Language: An Approach to the Mastery of Many Languages,"Bodmer, Frederick",9780393300345
296,Crazy for Kanji: A Student's Guide to the Wonderful World of Japanese Characters,"Kushner, Eve",9781933330204
297,Obrázkové KANDŽI,,9788090373778
298,Obrázková Hiragana,"Abe, Rika",9788090373723
299,Obrázková Katakana,"Aoi, Eri",9788090373785
300,Basic Japanese-English Dictionary,"Foundation, Japan",9780198608592
301,Read Japanese Today: The Easy Way to Learn 400 Practical Kanji (Tuttle Language Library),"Walsh, Len",9784805309810
302,Gramatika současné japonštiny: S praktickými příklady,,9788075081049
303,"Kanji Pict-O-Graphix: Over 1,000 Japanese Kanji and Kana Mnemonics","Rowley, Michael",9780962813702
304,Speak Japanese Today: A Self-Study Program for Learning Everyday Japaneae,"Kamiya, Taeko",0804815631
305,Sudoku - kandži,,
306,Italsky za 4 tydna,,9788075471871
307,Pište správně česky - poradna šílených korektorů,"Behún, Dalibor",9788074130670
308,Vo vobecný češtině a jiné příběhy,"Hrdlička, Milan",9788024632421
309,Slovník cizích slov,,
310,Slovník českých synonym (Czech Edition),"Pala, Karel",9788071060598
311,Pravidla českého pravopisu (Czech Edition),"author, unknown",
312,"Rady Čechům, jak se hravě přiučiti češtině","Eisner, Pavel",
313,Čítanka české literatury 1: Od počátků do raného obrození (9. století - první třetina 19. století),"Lehár, Jan",
314,Česká literatura 1: Od počátků do raného obrození (9. století - první třetina 19. století),"Lehár, Jan",8020206620
315,Chrám i tvrz,"Eisner, Pavel",9788075052728
316,Na co se nás často ptáte: Ze zkušeností jazykové poradny,"Černá, Anna",9788071832607
317,Dějiny českého jazyka,"Komárek, Miroslav",9788072945917
318,Pravidla českého pravopisu s výkladem mluvnice,"Šaur, Vladimír",9788071811336
319,Slovník spisovné češtiny pro školu a veřejnost (Czech Edition),,8020004939
320,Nová obchodní španělština,"Macíková, Olga",9788026608172
321,Stručná mluvnice španělštiny,"Hamplová, Sylva",
322,Diccionario Primaria. Nivel Avanzado. (Spanish Edition),"Autores, Varios",9788467531619
323,Základy ekonomické španělštiny,"Mlýnková, Ludmila",9788026610946
324,El subjuntivo 2 (Paso a Paso),"Ballesteros, Pilar Díaz",9788489756465
325,Gramática de uso del español: Teoría y práctica C1-C2 (Spanish Edition),"Aragonés, Luis",9788467521092
326,El Cronómetro C1 + CD (Spanish Edition),"Picado, Ana Isabel Blanco",9788498484120
327,El cronometro / The Timer: Manual de preparacion del DELE. Nivel C2 (Superior) / DELE Preparation Manual. Level C2 (Superior) (Spanish Edition),"Picado, Ana Isabel Blanco",9788498483154
328,¿Fiesta! 1: Španělština pro střední a jazykové školy,"Králová, Jana",9788072380855
329,¿Fiesta! 2: Španělština pro střední a jazykové školy,"Králová, Jana",9788072381234
330,Cvičebnice španělské gramatiky,"Mlýnková, Ludmila",9788026605447
331,Oxford Practice Grammar: cvičebnice anglické gramatiky,"Coe, Norman",
332,Let's study GRAMMAR: Anglická gramatika pro 2. stupeň základních škol a střední skoly,"Krajewska, Milada",9788072406586
333,English for Presentations,"Grussendorf, Marion",9788072386116
334,Rip Van Winkle,"Ottolenghi, Carol",9780769632827
335,Paul Bunyan,"Ottolenghi, Carol",9780769632834
336,Johnny Appleseed,"Ottolenghi, Carol",9780769632810
337,"You Can Take the Girl Out of Britain, But You Can't Take Britain Out of the Girl","Molloy, Jo",
338,Collins Easy Learning English Conversation Book 1.,,9780007374724
339,Collins Easy Learning English Conversation: Book 2 [With CD (Audio)],,9780007374731
340,Longman Dictionary of Contemporary English,"Editors, Longman",9780582842236
341,Longman Dictionary of English Idioms,"Longman, Addison Wesley",9780582058637
342,Oxford Phrasal Verbs Dictionary for Learners of English,"Parkinson, Dilys",9780194315432
343,"Mastering French: Hear It, Speak It, Write It, Read It","Cossard, Monique",9780764123856
344,"Mastering French, Level 2 (Barron's Foreign Language Guides)","Institute, Foreign Service Language",9780812013580
345,Obchodní francouzština - Français commercial,,9788026603641
346,Mluvnice francouzštiny,"Taišlová, Jitka",9788073350048
347,Noville Grammaire Du Francais: Cours De Civilisation Francaise De La Sorbonne (French Edition),"Delatour, Yvonne",9782011552716
348,Les 500 Exercices de Grammaire - Livre + corrigés intégrés (B2),"Jennepin, Dominique",9782011554383
349,Cvičebnice francouzské gramatiky,"Zettlová, Markéta",9788090198883
350,French Advanced Part A Units 13-18,"Cossard, Monique",9780884329015
351,"French: Advanced, Part B Units 19-24 (French Edition)","Cossard, Monique",9780884329022
352,Reussir Le Dalf: Niveaux C1 et C2 (2 CD audio inclus),"Mègre, Bruno",9782278061013
353,"French in Action: A Beginning Course in Language and Culture - Workbook, Part 1","Capretz, Pierre J.",9780300058222
354,"French in Action : A Beginning Course in Language and Culture, the Capretz Method: Part One","Capretz, Pierre J.",9780300072655
355,"French in Action : A Beginning Course in Language and Culture, the Capretz Method: Part 2","Capretz, Pierre J.",9780300072679
356,Survival Czech,"Váchalová, Soňa",
357,"Survival Czech - Grammar Appendix, Wordlist, Key","Váchalová, Soňa",
358,Teach Yourself Czech: A Complete Course for Beginners(Teach Yourself),"Jenkins, Michael",9780844237589
359,How To Learn Any Language,"Farber, Barry",9780806512716
360,The Quick and Dirty Guide to Learning Languages Fast,"Hawke, A.G.",9781581600964
361,Němčina - 500 vět k překladu,"Eva, Podhajská",9788027106660
362,AUF NEUEN WEGEN.Lehrbuch (L.Alum.),"Willkop, Eva-Maria",9783190016402
363,Sprachen lernen. Der Schlüssel zur richtigen Technik.,"Kleinschroth, Robert",9783499608421
364,Langenscheidts Grosswoerterbuch Deutsch als Fremdsprache (German Edition),"Götz, Dieter",9783468967054
365,Deutsche Grammatik/German (German Edition),"Helbig, Gerhard",
366,Die neue Rechtschreibung. Alle Regeln zum Lernen und Nachschlagen.,"Stang, Christian",9783468299308
367,Němčina - Přehledná gramatika,,9788085836325
368,Adel und edle Steine (Nivel 1),", Felix",9783468496851
369,Ein Fall auf Rügen con CD audio (Lecturas monolingües) (German Edition),", Felix",9783468497261
370,Felix Und Theo - Level 2: Ebbe & Flut (German Edition) by Felix (1999-01-25),", Felix",9783468497025
371,Ein Mann zu viel (Nivel 1) (Easy Reader Series Level 1) (German Edition),", Felix",9783468496820
372,Praktická mluvnice němčiny,,
373,Jak se to řekne německy,"Schönová, Ludmila",
374,Map of Czech Grammar,,
375,Cvičebnice ruské gramatiky,"Mistrová, Veronika",9788086195292
376,4000 nejužívanějších slov ruského jazyka,,
377,Rusko-český česko-ruský slovník,"Šroufková, Miloslava",
378,Ruská konverzace,"Horvátová, Marie",8086119823
379,Ruština pro pokročilé,"Barnet, Vladimír",9788073350130
380,Basic Japanese Conversation Dictionary,"Martin, Samuel E.",080480057X
381,Ruština - přehledná gramatika,,9788085836714
382,Francouzština - přehledná gramatika,,9788085836677
383,Přehled latinské mluvnice - pomůcka při výuce latiny,"Bilíková, Eva",8594042250124
384,Portugalština - souhrn gramatiky,,9788074260087
385,Česko-italský a italsko-český slovník na cestY,"Benešová, Hana",
386,Česko-finský a finsko-český slovník na cesty,,
387,Česko-německá konverzace,,
388,Česko-španělská konverzace,,
389,Španělština čeština - praktický slovník s novými výrazy,,
390,Francouzsko-český česko-francouzský kapesní slovník,,
391,Německo-český česko-německý kapesní slovník,,
392,Anglicko-český česko-anglický kapesní slovník,,
393,Latinsko-český slovník k potřebě gymnasií a reálných gymnasií,"Pražák, Josef M.",
394,Školy dějin umění,"Kroupa, Jiří",97880210424760
395,Kleine Geschichte der Kunsttheorie,"Kultermann, Udo",3534021436
396,Leonardo da Vinci aneb Vědy o malířství - Gesto v umění,"Chastel, André",9788073640507
397,Die Schlange im Wolfspelz: Das Geheimnis großer Literatur,"Maar, Michael",9783499009204
398,Dějiny umění 9,"Pijoan, José",8020700986
401,Dějiny umění 6,"Pijoan, José",
402,Dějiny umění 10,"Pijoan, José",
403,Dějiny umění 5,"Pijoan, José",
404,Dějiny umění 4,"Pijoan, José",8071769568
405,Dějiny umění 3,"Pijoan, José",
406,Dějiny umění 2,"Pijoan, José",
407,Dějiny umění 1,"Pijoan, José",
408,Dějiny umění 8,"Pijoan, José",
409,Dějiny umění 7,"Pijoan, José",
410,Umění středověku,"Huyghe, René",
411,Umění pravěku a starověku,"Huyghe, René",
412,Umění renesance a baroku,"Huyghe, René",
413,Barok a rokoko,"Kitson, Michael",
414,Umění 19. a 20. století,"Lynton, Norbert",
415,Románské a gotické umění,"Kidson, Peter",
416,Raně křesťanské a byzantské umění,"Lassus, Jean",
417,Antické umění,"Strong, Donald E.",
418,"Art: A History of Painting, Sculpture, Architecture","Hartt, Frederick",0130487031
419,Encyklopedie světového malířství,"Mráz, Bohumír",
420,Pozdně gotické umění v Čechách /1471 - 1526/,"Homolka, Jaromír",
421,Dějiny českého výtvarného umění: Od počátků renesance do závěru baroka,,
422,Dějiny českého výtvarného umění: Od počátků renesance do závěru baroka,,
423,Dějiny českého výtvarného umění: Od počátků do konce středověku,,
424,Dějiny českého výtvarného umění: Od počátků do konce středověku,,
425,Písně lásky a žalu,"Ovidius, ",
426,Srdce štít,"Wolker, Jiří",
427,Bambino di Praga - Barvotisky - Krásná Poldi,"Hrabal, Bohumil",
428,Čechy za oknem smutných duší,"Orten, Jiří",
429,Básně,"Wolker, Jiří",
430,Máj - Básně - Dramatické zlomky - Dopisy,"Mácha, Karel Hynek",
431,Prózy - Zápisníky - Deníky,"Mácha, Karel Hynek",
432,"Jablko z klína - Ruce Venušiny - Jaro, sbohem","Seifert, Jaroslav",8020202145
433,Čas plný písní,"Seifert, Jaroslav",
434,Podivuhodný kouzelník,"Nezval, Vítězslav",
435,Text-appeal,"Žáček, Jiří",
436,Blues [básně],"Hrabě, Václav",
437,Proměny světla,"Florian, Miroslav",
438,Šárka,"Vrchlický, Jaroslav",
439,Máj - Marinka,"Mácha, Karel Hynek",
440,Vojna s hloupostí a zlobou,"Havlíček Borovský, Karel",
441,Promenáda Diogenova,"Dyk, Viktor",
442,Pražské noviny - Národní noviny - Slovan,"Havlíček Borovský, Karel",
443,Obrazy z Rus - Epigramy a aforismy - Satiry - Kritiky a polemiky - Politické písně - Brixenské skladby - Smíšené básně - Korespondence,"Havlíček Borovský, Karel",
444,Malá kniha Tao te ťing,"Lao-c, ",9788072070053
445,Praha očima Jaroslava Seiferta a Ivana Svatoše,"Seifert, Jaroslav",
446,Černý med,"Florian, Miroslav",
447,Balady,"Wolker, Jiří",
448,Les bez stromů,"Holan, Vladimír",8072577352
449,Nový Démokritos,"John, Jaromír",
450,Domácí přítel,"Žáček, Jiří",
451,Manon Lescaut,"Nezval, Vítězslav",
452,Těžká hodina,"Wolker, Jiří",
453,Hovory s mým horším JÁ,"Žáček, Jiří",
454,Lešanské jesličky,"Hrubín, František",
455,Šel malíř chudě do světa,"Seifert, Jaroslav",
456,Beránek měsíc,"Morgenstern, Christian",
457,Pták vteřiny,"Paz, Octavio",
458,Víc než jen hlas,"Simon, Paul",
459,Havran,"Poe, Edgar Allan",
460,Eugen Oněgin,"Puškin, Alexander S.",
461,"Jen ty nám zůstáváš, ó lásko...","Hugo, Victor",
462,Selected Poems,"Keats, John",
463,Moudrost starých Římanů,,
464,Rund um den Galgenberg,"Morgenstern, Christian",3359003454
465,Velké teojhvězdí,"Apollinaire, Guillame",
466,A na ochozech smrt jsi viděl stát,"Rilke, Rainer Maria",
467,Bohové a hrdinové antických bájí,"Zamarovský, Vojtěch",
468,Slabikář návštěvníků památek,"Herout, Jaroslav",
469,Staletí kolem nás,"Herout, Jaroslav",
470,Encyklopedie heraldiky,"Buben, Milan",9788085983685
471,Feminismo para principiantes (edición actualizada),"Varela, Nuria",9788413140803
472,Guilty Feminist,"Frances-White, Deborah",9780349010137
473,Dcery Eviny,"Utrio, Kaari",8090164609
474,Prezentace a zen: Jednoduše a srozumitelně o designu prezentací a jejich předvádění,"Reynolds, Garr",9788074130472
475,"The Courage To Be Disliked: How to free yourself, change your life and achieve real happiness","Kishimi, Ichiro",9781760630720
476,The 7 Habits Of Highly Effective People,"Covey, Stephen R.",9781416502494
477,Talking Pictures: How to Watch Movies,"Hornaday, Ann",9781541672970
478,Európa v kocke,"Németh, Marco",9788097411602
479,Writing Better Lyrics,"Pattison, Pat",9781582975771
480,A Workbook for Arguments: A Complete Course in Critical Thinking,"Morrow, David R.",9781603845496
481,Hug Your Haters: How to Embrace Complaints and Keep Your Customers,"Baer, Jay",9781101980675
482,"Humor, Seriously: Why Humor Is a Secret Weapon in Business and Life (And how anyone can harness it. Even you.)","Aaker, Jennifer",9780593238424
483,"Give People Money: How a Universal Basic Income Would End Poverty, Revolutionize Work, and Remake the World","Lowrey, Annie",9781524758776
484,Getting Things Done: The Art of Stress-Free Productivity,"Allen, David",9780142000281
485,Přestaňte být hodní: Buďte sami sebou,"d'Ansembourg, Thomas",9788087067734
486,"Síla a moc pozitivního nesouhlasu : Jak říci Ne, a přesto se dohodnout","Ury, William",9788072611638
487,Jak dosáhnout souhlasu: Zásady úspěšného vyjednávání,"Ury, William",9788072612260
488,"Jak překonat nesouhlas: Zásady vyjednávání s lidmi, s nimiž nelze vyjednávat","Ury, William",9788072611928
489,The All New Don't Think of an Elephant!: Know Your Values and Frame the Debate,"Lakoff, George",9781603585941
490,Respektovat a být respektován,"Kopřiva, Pavel",8090187374
491,Fakta a poznámky k mému budoucímu nekrologu I. - Vzpomínky pražského lékaře na léta 1770-1799,"Květ, Jindřich",9788020026538
492,Velké dějiny zemí Koruny české VI. (1437-1526),"Čornej, Petr",9788071858737
493,Dějiny psané Římem,"Zamarovský, Vojtěch",
494,Ženy české renesance,"Janáček, Josef",
495,Řecký zázrak,"Zamarovský, Vojtěch",
496,Dcery Marie Terezie,"Weissensteiner, Friedrich",8085944294
497,Sestupme ke kořenům,"Procházka, Jaroslav",9788088245124
498,Úpadek a pád prakticky kdekoho,"Cuppy, Will",9788085636659
499,Atlas světových dějin,"Parker, Geoffrey",9788071769286
500,Předehry k velkému zápasu aneb Cestami 16. a 17. století,"Ostrovská, Sylvia",9788090204577
501,Ženy v dějinách lidstva,"Polišenský, Josef",9788090204553
502,Pronásledování křesťanů v antice,"Kinzig, Wolfram",9788074655128
503,Dějiny židovského národa,"Johnson, Paul",8085336316
504,Švabinského český Slavín,"Páleníček, Ludvík",
505,Rozumět dějinám - Vývoj česko-německých vztahů na našem území v letech 1848 - 1948,"Beneš, Zdeněk",8086010554
506,30letá válka,"Vyhlídal, Zdeněk",9788086500355
507,The Nude,"Clark, Kenneth",0691017883
508,Příběh umění,"Gombrich, Ernst Hans",8020704167
509,The Story of Art Without Men,"Hessel, Katy",9781529151145
510,The Metropolitan Museum of Art Guide,,0870993488
511,"Instant arte. Il libro che rende facile capire l'arte, la sua storia e i suoi capolavori","Carli, Mauro de",9788858021910
512,Stavební slohy ve Francii,"Peschke, Marc",9788072363605
513,Stavební slohy v Německu,"Peschke, Marc",9788072363599
514,Stavební slohy v Itálii,"Greulich, Andreas",9788072363612
515,Památky UNESCO do kapsy,"Dvořáček, Petr",9788073092443
516,100 hradů a zámků do kapsy,"Dvořáček, Petr",9788073090722
517,Moderní architektura,"Dvořáček, Petr",9788073092887
518,Secese,"Dvořáček, Petr",9788073092870
519,Klasicismus,"Dvořáček, Petr",9788073092825
520,Baroko,"Dvořáček, Petr",9788073092757
521,Renesance,"Dvořáček, Petr",9788073092740
522,Gotický sloh,"Dvořáček, Petr",9788073092733
523,Románský sloh,"Dvořáček, Petr",9788073092603
524,Die Stadt in der europäischen Geschichte.,"Benevolo, Leonardo",9783406440212
525,The Image of the City,"Lynch, Kevin",9780262620017
526,Světové metropole včera a dnes,"Antoniou, Jim",9788086144320
527,Renzo Piano,"Jodidio, Philip",9783836530682
528,Metropolis,"Wilson, Ben",9781787330443
529,Skrytý život budov,"Hollis, Edward",9788073915780
530,Svět gotické katedrály,"Ullmann, Ernst",
531,Architektura Albrechta z Valdštejna,"Uličný, Petr",9788074225642
532,Architektura Albrechta z Valdštejna,"Uličný, Petr",9788074225642
533,Was ist Gotik?,"Binding, Günther",
534,Encyklopedie světové architektury 1,"Dudák, Vladislav",8086223078
535,Encyklopedie světové architektury 2,"Dudák, Vladislav",8086223078
536,"Genius loci. Krajina, místo, architektura","Norberg-Schulz, Christian",9788073633035
537,Die Geschichte der Stadt,"Benevolo, Leonardo",3861502119
538,Dějiny architektury,"Casson, Hugh",8020701850
539,Architektura - svědectví dob,"Syrový, Bohuslav",
540,Evropská architektura,"Koch, Wilfried",9788072023882
541,Mezi barokem a klasicismem,"Biegel, Richard",9788024621937
542,Frühchristliche Kunst und Kultur,"Effenberger, Arne",3406312152
543,Die Geburt Europas,"Backes, Magnus",3873550652
544,Spätantike und frühes Christentum,"Gerke, Friedrich",3873551985
545,Die Kunst des frühen Mittelalters,"Beckwith, John",
546,Gotická architektura v Čechách a na Moravě,"Líbal, Dobroslav",
547,Die Kunst Italiens I/II,"Chastel, André",3878763042
548,Tizian,"Krsek, Ivo",
549,Baroko,"Toman, Rolf",9788072097715
550,Barock und Rokoko,"Toman, Rolf",9783936761016
551,Stavitelé paláců a chrámů - Kryštof a Kilián Ignác Dientzenhoferové,"Vilímková, Milada",
552,Caravaggio in Rome,"Vodret, Rossella",9788836637119
553,Antonio Bonazza e la scultura veneta del Settecento,"Cavalli, Carlo",9788898877416
554,Rubens,"Held, Julius S.",
556,Tvář Baroka,"Kalista, Zdeněk",9788074293412
557,Il barocco,"Montanari, Tomaso",9788806203412
558,Rokoko a konec baroku v Čechách,"Blažíček, Oldřich J.",
559,Edouard Manet,"Prahl, Roman",8020702350
560,Klassizismus und Romantik,"Toman, Rolf",9783833145537
561,Praha moderní -  Velký průvodce po architektuře let 1900–1950 / Historické centrum,"Lukeš, Zdeněk",9788074322044
562,Praha moderní II - Velký průvodce po architektuře let 1900–1950 / Levý břeh Vltavy,"Lukeš, Zdeněk",9788074323508
563,Praha moderní 4. díl Velký průvodce po architektuře 1950–2000,"Lukeš, Zdeněk",9788074326530
564,Tisíciletá Praha očima cizinců,"Polišenský, Josef",9788020007834
565,Pražská architektura - Významné stavby jedenácti století,"Staňková, Jaroslava",8090020968
566,Praha středověká,"Poche, Emanuel",
567,Praha na úsvitu nových dějin,"Poche, Emanuel",
568,Praha národního probuzení,"Poche, Emanuel",
569,Praha našeho věku,"Poche, Emanuel",
570,"Ve znamení břevna a růží : historický, kulturní a umělecký odkaz benediktinského opatství v Břevnově","Vilímková, Milada",8070210133
571,Italští umělci v Praze,"Preiss, Pavel",
572,Praha gotická a barokní,"Staňková, Jaroslava",9788020008664
573,Pražské pověsti,"Cibula, Václav",
574,Klementinum průvodce,"Oulíková, Petra",8070504919
575,Staropražské pověsti a legendy,"Košnář, Julius",8020703934
576,Magická Praha,"Ripellino, Angelo Maria",8020703837
577,Dějiny částí Prahy jako dějiny farních obvodů,"Pelzbauerová, Věra",9788072076765
578,Příběhy pražských svatyní,"Bedrníček, Pavel",9788075115201
579,Pražské příběhy: Na cestě Malou Stranou,"Hrubý, Dan",9788090572034
580,Po Karlově mostě,"Dvořák, František",9788071066538
581,Metropolitní chrám sv. Víta - k šestistému výročí položení základu novostavby dómu,"Wirth, Zdeněk",
582,Za památkami staré Prahy,"Chyský, Čeněk",
583,Grafické pohledy Prahy 1493 - 1850,"Novotný, Antonín",
584,Grafické pohledy Prahy 1493 - 1850,"Novotný, Antonín",
585,Pražské portály,"Poche, Emanuel",
586,Mluva pražské architektury,"Stefan, Oldřich",
587,Hradčany a Malá Strana,"Poche, Emanuel",
588,Praha - kamenný sen,"Poche, Emanuel",
589,Leben im Mittelalter,"Goetz, Hans-Werner",3406315569
590,"Der Kirchenatlas - Räume entdecken, Stile erkennen, Symbole und Bilder verstehen","Goecke-Seischab, Margarete Luise",9783730609613
591,Römische Kunst und Architektur,"Wheeler, Mortimer",
592,Kulturgeschichte der Neuzeit II.,"Friedell, Egon",9783423300629
593,Kulturgeschichte der Neuzeit I.,"Friedell, Egon",9783423300612
594,Naše národní minulost v dokumentech 1,"Husa, Václav",
595,Women & Power: A Manifesto,"Beard, Mary",9781788160605
596,Einladung ins Mittelalter,"Fuhrmann, Horst",340632052X
597,Überall ist Mittelalter: Von der Gegenwart einer vergangenen Zeit,"Fuhrmann, Horst",3406405185
598,Vademecum pomocných věd historických,"Hlaváček, Ivan",9788073190040
599,Le château fort de Křivoklát,"Durdík, Tomáš",8085627728
600,Čechy Umělecké památky,"Poche, Emanuel",
601,Tisíc let stavitelského umění v českých zemích,"Chyský, Čeněk",
602,Dominikánský kostel sv. Vavřince v Jablonném,"Blažíček, Oldřich J.",
603,Was ist Romantik?,"Hartmann-Virnich, Andreas",
604,Architektonische Formenlehre,"Binding, Günther",
605,Was ist Klassizismus?,"Greenhalgh, Michael",3760880797
606,Was ist Barock?,"Hoppe, Stephan",
607,Dvanáct století naší architektury,"Pojsl, Miloslav",8071821632
608,Mariánské a morové sloupy Čech a Moravy,"Slouka, Jiří",9788024729961
609,Paris,"Chastel, André",3765801593
610,Malé dějiny Amsterodamu,"Mak, Geert",9788085933314
611,Rome: Eternal City,"Addis, Ferdinand",9781781853047
612,Quattro Stagioni: Ein Jahr in Rom,"Ulrich, Stefan",9783548284026
613,Čtyři roční období: Rok v Římě,"Ulrich, Stefan",9788026702443
614,Rom - Kunst und Architektur,"Hintzen-Bohlen, Brigitte",9783829031066
615,"Umělecký Řím: Průvodce městem antickým, papežským a současným po stopách umělců a jejich děl","Fiala, Václav",9788074223648
616,Sistine Chapel,"Gallico, Sonia",9788865246658
617,Unforgettable Rome,"Uzzani, Giovanna",9788881172429
618,Il pantheon dei Vescovi di Padova,"Magani, Fabrizio",
619,Florencie - umění a architektura,,9788073911096
620,Praha 1437-1610. Kapitoly o pozdně gotické a renesanční architektuře,"Kalina, Pavel",9788072774807
621,Praha 1610-1700: Kapitoly o architektuře raného baroka (Czech Edition),"Vlček, Pavel",9788085983609
622,Praha 1891-1918: Kapitoly o architektuře velkoměsta,"Svoboda, Jan E.",9788085983203
623,Anežský klášter v Praze,"Soukupová, Helena",8020700463
624,Praha v obrazech Vincence Morstadta,"Hlavsa, Václav",
625,Praha 1848 - 1914,"Scheufler, Pavel",
626,Praha očima staletí,"Hlavsa, Václav",
627,Praha - Podrobný obrazový průvodce,"Rygl, Tomáš",9788075400017
628,Staré Město pražské - architektonický a urbanistický vývoj,"Líbal, Dobroslav",9788071061670
629,Architektonické proměny Prahy v jedenácti stoletích,"Líbal, Dobroslav",9788086320113
630,Praha 19. a 20. století - technické proměny,"Kohout, Jiří",
631,Nové Město pražské 1348-1784,"Fiala, Michal",8085394197
632,Nové Město pražské,"Lorenz, Vilém",
633,"Hradčany, Pražský hrad","Vančura, Jiří",
634,Malá Strana,"Hlavsa, Václav",
635,Čtení o Národním divadle,"Konečná, Hana",
636,Katedrála sv. Víta v Praze,"Merhautová, Anežka",9788020001894
637,Procházky Prahou - fotografický průvodce městem,"Plicka, Karel",
638,Procházky Prahou - fotografický průvodce městem,"Plicka, Karel",
639,Prahou krok za krokem,"Poche, Emanuel",
640,Prahou krok za krokem,"Poche, Emanuel",
641,The Impressionists and their Art,"Ash, Russel",
642,Monet,"Taillandier, Yvon",8071530344
643,Petr Brandl: Život a dílo v archivních pramenech a starší odborné literatuře,"Prokop, Jaroslav",9788070356227
644,Umělecké památky Prahy - Velká Praha A/L,"Vlček, Pavel",9788020021076
645,"Umělecké památky Prahy: Staré Město, Josefov","Vlček, Pavel",9788020005632
646,Umělecké památky Prahy: Malá Strana,"Vlček, Pavel",9788020007711
647,Český barok,"Neumann, Jaromír",
648,Město v bouři,"Biegel, Richard",9788024652894
649,Umělecké památky Čech A/J,"Poche, Emanuel",
650,Umělecké památky Čech K/O,"Poche, Emanuel",
651,Umělecké památky Čech P/Š,"Poche, Emanuel",
652,Umělecké památky Čech T/Ž,"Poche, Emanuel",
653,"Kreta, Thera und das mykenische Hellas","Marinatos, Spyridon",3777428302
654,České gotické umění,"Kutal, Albert",
655,Umění baroku v Čechách,"Blažíček, Oldřich J.",
656,Malířství XVII. století v Čechách,"Neumann, Jaromír",
657,Ferdinand Brokof,"Blažíček, Oldřich J.",
658,Braunové,"Kořán, Ivo",9788085770841
659,Dientzenhoferové,"Horyna, Mojmir",9788085770681
660,Baroko v Čechách a na Moravě,"Burian, Jan",
661,Poklady minulosti - Umělecké a historické památky Československa,"Neubert, Karel",
662,Místa české historie - Toulky po stopách historických událostí,"Dvořáček, Petr",9788073461249
663,Was ist Renaissance?,"Günther, Hubertus",
664,Giotto,"Chastel, André",8020701699
665,Die Kunst der italienischen Renaissance,"Toman, Rolf",9783895080548
666,Chronik der italienischen Renaissancemalerei 1280 - 1580,"Chastel, André",3881551107
667,Wien: Kunst Und Architektur,"Toman, Rolf",9783829000062
668,Paměť měst - Městské památkové rezervace v českých zemích,,
669,Starobylá města v Československu,"Líbal, Dobroslav",
670,"Mariánské, trojiční a další světecké sloupy a pilíře ve Středočeském kraji 1","Nejedlý, Viktor",9788074801198
671,"Mariánské, trojiční a další světecké sloupy a pilíře ve Středočeském kraji 2","Nejedlý, Viktor",9788074801198
672,Die Kunst der Romanik,"Toman, Rolf",9783895082139
673,"Die Kunst der Gotik: Architektur, Skulptur, Malerei","Toman, Rolf",9783895083136
674,Das hohe Mittelalter - Besichtigung einer fernen Zei,"Toman, Rolf",3822800554
675,Imperial Rome and Christian Triumph: The Art of the Roman Empire AD 100-450,"Elsner, Jaś",9780192842015
676,Roman Art and Architecture,"Wheeler, Mortimer",9780500200216
677,Architekturführer Rom,"Grundemann, Stefan",9783869050423
678,Babel,"Kuang, R.F.",9780008501853
679,Butter,"Yuzuki, Asako",9780008511715
680,Počátky a rozmach gotické architektury v Čechách,"Kuthan, Jiří",
681,Tovaryšstvo Ježíšovo,"Šotola, Jiří",8020201297
682,Caravaggio 2025,"Terzaghi, Maria Cristina",9791254632819
683,Sochařství baroku v Čechách,"Blažíček, Oldřich J.",
684,The Basilica of Saint Praxedes,"Gallio, Paola",
685,"Siena: The Rise of Painting, 1300–1350","Cannon, Joanna",9781857097160
686,Karel Škréta 1610 - 1674,"Neumann, Jaromír",
687,"Česká architektura v době posledních Přemyslovců: Města, hrady, kláštery, kostely","Kuthan, Jiří",8085618141
688,Románské umění v Čechách a na Moravě,"Merhautová, Anežka",
689,Národní galerie v Praze I,"Kotalík, Jiří",
690,Peter Brandl (1668-1735). Studies,"Steckerová, Andrea",9788070356883
691,Die Macht der Schönheit: Kulturgeschichte Italiens,"Reinhardt, Volker",9783406741050
692,Pontifex,"Reinhardt, Volker",9783406703812
693,Petr Brandl,"Neumann, Jaromír",9788070356319
694,Petr Brandl,"Neumann, Jaromír",9788070356319
695,Václav Vavřinec Reiner,"Preiss, Pavel",9788070355244
696,Václav Vavřinec Reiner,"Preiss, Pavel",9788070355244
697,The Hidden Language of Symbols,"Wilson, Matthew",9780500025291
698,Saints in Art,"Giorgi, Rosa",9780892367177
699,The Names,"Knapp, Florence",9780593833902
700,Das Kreuz mit der Kirche: Eine Sexualgeschichte des Christentums,"Deschner, Karlheinz",9783981148398
701,Die Kathedralenbauer,"Gimpel, Jean",9783930720187
702,Petr Brandl 1668-1735,"Neumann, Jaromír",
703,"Umění 19. století 
od klasicismu k romantismu","Leubnerová, Šárka",9788070355985
704,Ad fontes Cursus latinus,"Kuťátková, Eva",9788024625522
705,"Die Mosaiken von Rom
vom dritten bis tím vierzehnten Jahrhundert","Oakeshott, Walter",
706,"Václav Vavřinec Reiner
Obrazy a fresky
Zámek Duchcov
Valdštejnská rodová galerie","Pokorný, Pavel R.",8085386275
707,Gothic Art,"Martindale, Andrew",9780500200582
708,The Book of All Books,"Calasso, Roberto",9780241446720
709,Děda,"Novák, Jan",9788090345560
710,Wodurch Bilder wirken. Psychologie der Kunst,"Schuster, Martin",9783832163457
711,Bildbefragungen: Meisterwerke im Detail,"Hagen, Rose-Marie",9783836559232
712,Až do předsíně nebes: Čtrnáct studií o baroku našem i cizím,"Černý, Václav",8020405887
713,"Witches, Bitches, It-Girls: Wie patriarchale Mythen uns bis heute prägen","Endler, Rebekka",9783498007409
714,Michelangelo and The Pope's Ceiling,"King, Ross",9781844139323
715,Judith Butler Who's Afraid of Gender? /anglais,"Butler, Judith",9781802061062
716,"Art of the Northern Renaissance: Courts, Commerce and Devotion (Renaissance Art)","Porras, Stephanie",9781786271655
717,Artemisia Gentileschi: The Language of Painting,"Locker, Jesse M.",9780300259056
718,Portály z okruhu Benedikta Rieda II,"Ramešová, Michaela",9788087082423
719,How to Visit an Art Museum: Tips for a Truly Rewarding Visit,"Idema, Johan",9789063693558
720,Smrtí smrt překonat,"Černocká, Jana",9788028004026
721,Portály z okruhu Benedikta Rieda I,"Ramešová, Michaela",9788087082386
722,Architektur des Spätbarock und Rokoko (Weltgeschichte der Architektur) (German Edition),"Norberg-Schulz, Christian",
723,Praha Mozartova,"Svatošová, Hana",808685213X
724,Architectural Principles in the Age of Humanism,"Wittkover, Rudolf",
725,The Mirror and the Light,"Mantel, Hilary",9780007580835
726,"Art and Architecture in Italy 1600-1750, Vol. 1: Early Baroque","Wittkower, Rudolf",9780300079395
727,"Art and Architecture in Italy, 1600-1750: Volume 2: The High Baroque, 1625-1675","Wittkower, Rudolf",9780300079999
728,Svatý Vojtěch: Tisíc let svatovojtěšské tradice v Čechách,"Bartlová, Milena",8070351349
729,Paměť kamenů - obrazová rukověť udržitelné péče o torzální památky,"Girsa, Václav",9788001068557
730,Soustavný přehled obecných dějin literatury naší vzdělanosti (2) Podzim středověku a renesance,"Černý, Václav",
731,Soustavný přehled obecných dějin literatury naší vzdělanosti (1) Středověk,"Černý, Václav",
732,Wolf Hall,"Mantel, Hilary",9780007230204
733,Bring Up the Bodies,"Mantel, Hilary",9780007315109
734,Deutsche Kirchenbaukunst der Gotik: Entwicklung und Bauformen,"Nussbaum, Norbert",3770114159
735,"Umělci, objednavatelé a styl","Kroupa, Jiří",9788073640361
736,Čechy a střední Evropa 1200 - 1550,"Fajt, Jiří",9788070355695
737,Slovní sebeobrana pro ženy,"Lüdeman, Carolin",9788024734422
738,Vyšehrad,"Nechvátal, Bořivoj",
739,Meisterwerke der christlichen Kunst. Lesejahr B: zu den Schriftlesungen der Sonntage und Hochfeste,"Vogl, Wolfgang",9783791729121
740,"Encyklopedie architektů, stavitelů, zedníků a kameníků v Čechách","Vlček, Pavel",9788020009692
741,"Nelson Against Napoleon: From the Nile to Copenhagen, 1798-1801 (Chatham Pictorial Histories)","Gardiner, Robert",9781861760265
742,"All the Beauty in the World A Museum Guards Adventures in Life, Loss and Art","Bringley, Patrick",9781529924596
743,Allegorie und der Wandel der Symbole in Antike und Renaissance.,"Wittkower, Rudolf",
744,"Die vergessene Bildersprache christlicher Kunst: Ein Führer zum Verständnis der Tier-, Engel- und Mariensymbolik","Schmidt, Margarethe",9783406718298
