id,nazev,autor,puvodni_url,soubor
7,Sv. Vavřinec,Petr Brandl,http://petrbrandl.eu/lib/mod/brandl/data/hires-temp/public/MTQ3ODI1NzU5M2pwZzI=.jpg,0007_sv-vavrinec.jpg
8,Sv. Jeroným,Petr Brandl,http://petrbrandl.eu/lib/mod/brandl/data/hires-temp/public/MTQ3ODI1NzYyMGpwZzI=.jpg,0008_sv-jeronym.jpg
9,Ukřižovaný Kristus,Petr Brandl,http://petrbrandl.eu/lib/mod/brandl/data/hires-temp/public/MTQ3ODI1NzY3OWpwZzI=.jpg,0009_ukrizovany-kristus.jpg
10,Podobizna opata Otmara Daniela Zinkeho,Petr Brandl,http://petrbrandl.eu/lib/mod/brandl/data/hires-temp/public/MTQ3ODI1NzY0MmpwZzI=.jpg,0010_podobizna-opata-otmara-daniela-zinkeho.jpg
11,Stařena s hrncem,Petr Brandl – okruh,http://petrbrandl.eu/lib/mod/brandl/data/hires-temp/public/MTQ4OTUwMTM3N2pwZzI=.jpg,0011_starena-s-hrncem.jpg
12,Felčar a dvě ženy,Petr Brandl,http://petrbrandl.eu/lib/mod/brandl/data/hires-temp/public/MTQ3ODI1NzA4NWpwZzI=.jpg,0012_felcar-a-dve-zeny.jpg
13,Kázání sv. Jana Křtitele,Petr Brandl,http://petrbrandl.eu/lib/mod/brandl/data/hires-temp/public/MTQ3ODI1NTk2N2pwZzI=.jpg,0013_kazani-sv-jana-krtitele.jpg
14,Narození Panny Marie,Petr Brandl,http://petrbrandl.eu/lib/mod/brandl/data/hires-temp/public/MTQ3ODI1NzUwMGpwZzI=.jpg,0014_narozeni-panny-marie.jpg
15,Obláčka sv. Norberta (Panna Marie dává sv. Norbertovi bílé řádové roucho),Petr Brandl,http://petrbrandl.eu/lib/mod/brandl/data/hires-temp/public/MTQ3ODI1NzU1OGpwZzI=.jpg,0015_oblacka-sv-norberta-panna-marie-dava-sv-norbertovi-bile-radove-roucho.jpg
16,Sv. Norbert dostává od sv. Augustina knihu řádových pravidel,Petr Brandl,http://petrbrandl.eu/lib/mod/brandl/data/hires-temp/public/MTQ3ODI1NzgwN2pwZzI=.jpg,0016_sv-norbert-dostava-od-sv-augustina-knihu-radovych-pravidel.jpg
17,Rút a Bóaz,Petr Brandl,http://petrbrandl.eu/lib/mod/brandl/data/hires-temp/public/MTQ3ODI1Nzg1N2pwZzI=.jpg,0017_rut-a-boaz.jpg
18,Sv. Matěj,Petr Brandl,http://petrbrandl.eu/lib/mod/brandl/data/hires-temp/public/MTQ3ODI1Nzg4NmpwZzI=.jpg,0018_sv-matej.jpg
19,Ukřižování se sv. Máří Magdalénou,Petr Brandl,http://petrbrandl.eu/lib/mod/brandl/data/hires-temp/public/MTQ3ODI1NzkxMmpwZzI=.jpg,0019_ukrizovani-se-sv-mari-magdalenou.jpg
20,Modlící se Panna Marie,Petr Brandl,http://petrbrandl.eu/lib/mod/brandl/data/hires-temp/public/MTQ3ODI1NzIxOGpwZzI=.jpg,0020_modlici-se-panna-marie.jpg
21,Umírající sv. Máří Magdaléna,Petr Brandl,http://petrbrandl.eu/lib/mod/brandl/data/hires-temp/public/MTQ3ODI1ODA2N2pwZzI=.jpg,0021_umirajici-sv-mari-magdalena.jpg
22,Podobizna Františka Antonína hraběte Šporka,Petr Brandl,http://petrbrandl.eu/lib/mod/brandl/data/hires-temp/public/MTQ3ODI1ODA5OGpwZzI=.jpg,0022_podobizna-frantiska-antonina-hrabete-sporka.jpg
23,Sv. Antonín Poustevník,Petr Brandl,http://petrbrandl.eu/lib/mod/brandl/data/hires-temp/public/MTQ3ODI1ODEzMWpwZzI=.jpg,0023_sv-antonin-poustevnik.jpg
24,Sv. Jan Nepomucký (Předzvěst mučednické smrti sv. Jana Nepomuckého),Petr Brandl,http://petrbrandl.eu/lib/mod/brandl/data/hires-temp/public/MTQ3ODI1ODE2N2pwZzI=.jpg,0024_sv-jan-nepomucky-predzvest-mucednicke-smrti-sv-jana-nepomuckeho.jpg
25,Glorifikace sv. Ignáce,Petr Brandl,http://petrbrandl.eu/lib/mod/brandl/data/hires-temp/public/MTQ3ODI1NzEzNGpwZzI=.jpg,0025_glorifikace-sv-ignace.jpg
26,Narození Panny Marie,Petr Brandl,http://petrbrandl.eu/lib/mod/brandl/data/hires-temp/public/MTQ3ODI1ODIwM2pwZzI=.jpg,0026_narozeni-panny-marie.jpg
27,Holubice Ducha svatého (nástavec hlavního oltáře s Narozením Panny Marie),Petr Brandl,http://petrbrandl.eu/lib/mod/brandl/data/hires-temp/public/MTQ3ODI1NzE3N2pwZzI=.jpg,0027_holubice-ducha-svateho-nastavec-hlavniho-oltare-s-narozenim-panny-marie.jpg
28,Sv. Bernard s andělem s nástroji umučení Páně,Petr Brandl,http://petrbrandl.eu/lib/mod/brandl/data/hires-temp/public/MTQ4OTUwMDk3OWpwZzI=.jpg,0028_sv-bernard-s-andelem-s-nastroji-umuceni-pane.jpg
29,Caesarovi přinášejí hlavu Pompeiovu,Petr Brandl,http://petrbrandl.eu/lib/mod/brandl/data/hires-temp/public/MTQ3ODI1NjUwNGpwZzI=.jpg,0029_caesarovi-prinaseji-hlavu-pompeiovu.jpg
30,Muž s dýmkou,Petr Brandl,http://petrbrandl.eu/lib/mod/brandl/data/hires-temp/public/MTQ3ODI1NzI1M2pwZzI=.jpg,0030_muz-s-dymkou.jpg
31,Dívka s číší vína,Petr Brandl,http://petrbrandl.eu/lib/mod/brandl/data/hires-temp/public/MTQ3ODI1NzA0NmpwZzI=.jpg,0031_divka-s-cisi-vina.jpg
32,Alexandr a Timoklea,Petr Brandl,http://petrbrandl.eu/lib/mod/brandl/data/hires-temp/public/MTQ3OTI5MTczNGpwZzI=.jpg,0032_alexandr-a-timoklea.jpg
33,Historie Josefa Egyptského,Petr Brandl,http://petrbrandl.eu/lib/mod/brandl/data/hires-temp/public/MTQ3ODI1NzE1N2pwZzI=.jpg,0033_historie-josefa-egyptskeho.jpg
34,Sv. Jan Nepomucký,Petr Brandl,http://petrbrandl.eu/lib/mod/brandl/data/hires-temp/public/MTQ3ODI1ODI5MmpwZzI=.jpg,0034_sv-jan-nepomucky.jpg
35,Umučení sv. Bartoloměje,Petr Brandl,http://petrbrandl.eu/lib/mod/brandl/data/hires-temp/public/MTQ3OTgyOTMxMWpwZzI=.jpg,0035_umuceni-sv-bartolomeje.jpg
36,Nanebevzetí Panny Marie,Petr Brandl,http://petrbrandl.eu/lib/mod/brandl/data/hires-temp/public/MTQ3ODc5MTM1NWpwZzI=.jpg,0036_nanebevzeti-panny-marie.jpg
37,Smrt sv. Františka Xaverského,Petr Brandl,http://petrbrandl.eu/lib/mod/brandl/data/hires-temp/public/MTQ3ODc5MTI1MmpwZzI=.jpg,0037_smrt-sv-frantiska-xaverskeho.jpg
38,Sv. Jan Nepomucký jako almužník,Petr Brandl,http://petrbrandl.eu/lib/mod/brandl/data/hires-temp/public/MTQ3ODc5MTMzMWpwZzI=.jpg,0038_sv-jan-nepomucky-jako-almuznik.jpg
39,Nanebevzetí Panny Marie - modelletto,Petr Brandl,http://petrbrandl.eu/lib/mod/brandl/data/hires-temp/public/MTQ5MDc4MTI1MWpwZzI=.jpg,0039_nanebevzeti-panny-marie-modelletto.jpg
40,Návrat ztraceného syna,Petr Brandl,http://petrbrandl.eu/lib/mod/brandl/data/hires-temp/public/MTQ3ODc5MTM5N2pwZzI=.jpg,0040_navrat-ztraceneho-syna.jpg
41,Nejsvětější Trojice,Petr Brandl,http://petrbrandl.eu/lib/mod/brandl/data/hires-temp/public/MTY2OTI4OTIyOWpwZzI=.jpg,0041_nejsvetejsi-trojice.jpg
42,Patronové země české s Nejsvětější Trojicí,Petr Brandl,http://petrbrandl.eu/lib/mod/brandl/data/hires-temp/public/MTQ3ODc5MTQ5MmpwZzI=.jpg,0042_patronove-zeme-ceske-s-nejsvetejsi-trojici.jpg
43,Vidění sv. Luitgardy,Petr Brandl,http://petrbrandl.eu/lib/mod/brandl/data/hires-temp/public/MTQ3ODc5MTUxM2pwZzI=.jpg,0043_videni-sv-luitgardy.jpg
44,Sv. Juliána,Petr Brandl,http://petrbrandl.eu/lib/mod/brandl/data/hires-temp/public/MTQ3ODc5MTUzOGpwZzI=.jpg,0044_sv-juliana.jpg
45,Podobizna Jana Samuela Františka Wussina,Petr Brandl,http://petrbrandl.eu/lib/mod/brandl/data/hires-temp/public/MTQ3ODc5MTU2MmpwZzI=.jpg,0045_podobizna-jana-samuela-frantiska-wussina.jpg
46,Ukřižovaný s Pannou Marií Bolestnou a sv. Janem,Petr Brandl,http://petrbrandl.eu/lib/mod/brandl/data/hires-temp/public/MTQ3ODc5MTYzNWpwZzI=.jpg,0046_ukrizovany-s-pannou-marii-bolestnou-a-sv-janem.jpg
47,Sv. Tomáš Akvinský (opásáván cingulem cudnosti),Petr Brandl,http://petrbrandl.eu/lib/mod/brandl/data/hires-temp/public/MTQ3ODc5MTgxOGpwZzI=.jpg,0047_sv-tomas-akvinsky-opasavan-cingulem-cudnosti.jpg
48,Sv. Eustach klečící před bílým jelenem,Petr Brandl,http://petrbrandl.eu/lib/mod/brandl/data/hires-temp/public/MTQ3ODc5MTg0MGpwZzI=.jpg,0048_sv-eustach-klecici-pred-bilym-jelenem.jpg
49,"Nejsvětější Trojice s Pannou Marií, sv. Augustinem, sv. Tomášem z Villanovy a sv. Zuzanou",Petr Brandl,http://petrbrandl.eu/lib/mod/brandl/data/hires-temp/public/MTQ3ODc5MTg2NmpwZzI=.jpg,0049_nejsvetejsi-trojice-s-pannou-marii-sv-augustinem-sv-tomasem-z-villanovy-a-sv-zuzanou.jpg
50,Stětí sv. Barbory,Petr Brandl,http://petrbrandl.eu/lib/mod/brandl/data/hires-temp/public/MTQ3ODc5MTg5M2pwZzI=.jpg,0050_steti-sv-barbory.jpg
51,Zavraždění sv. Václava,Petr Brandl,http://petrbrandl.eu/lib/mod/brandl/data/hires-temp/public/MTQ3ODc5MTkyM2pwZzI=.jpg,0051_zavrazdeni-sv-vaclava.jpg
52,Smrt sv. Izidora,Petr Brandl,http://petrbrandl.eu/lib/mod/brandl/data/hires-temp/public/MTQ3ODc5MTk0MmpwZzI=.jpg,0052_smrt-sv-izidora.jpg
53,Panna Marie s dítětem v oblacích,Petr Brandl a dílna,http://petrbrandl.eu/lib/mod/brandl/data/hires-temp/public/MTQ3ODc5MjAyMGpwZzI=.jpg,0053_panna-marie-s-ditetem-v-oblacich.jpg
54,Křest Kristův,Petr Brandl,http://petrbrandl.eu/lib/mod/brandl/data/hires-temp/public/MTQ3ODc5MjAwMWpwZzI=.jpg,0054_krest-kristuv.jpg
55,Výchova Panny Marie,Petr Brandl,http://petrbrandl.eu/lib/mod/brandl/data/hires-temp/public/MTQ3ODc5MjA0OGpwZzI=.jpg,0055_vychova-panny-marie.jpg
56,Sv. Antonín Paduánský s Ježíškem,Petr Brandl,http://petrbrandl.eu/lib/mod/brandl/data/hires-temp/public/MTQ3ODc5MjA5OWpwZzI=.jpg,0056_sv-antonin-paduansky-s-jeziskem.jpg
57,Sv. Bartoloměj,Petr Brandl,http://petrbrandl.eu/lib/mod/brandl/data/hires-temp/public/MTQ3OTgzMTM5N2pwZzI=.jpg,0057_sv-bartolomej.jpg
58,Sv. Ondřej,Petr Brandl,http://petrbrandl.eu/lib/mod/brandl/data/hires-temp/public/MTQ3OTgzMTQyNGpwZzI=.jpg,0058_sv-ondrej.jpg
59,Sv. Josef se spícím Ježíškem a anděly,Petr Brandl,http://petrbrandl.eu/lib/mod/brandl/data/hires-temp/public/MTQ3ODc5MjE1MmpwZzI=.jpg,0059_sv-josef-se-spicim-jeziskem-a-andely.jpg
60,Kající Máří Magdaléna,Petr Brandl,http://petrbrandl.eu/lib/mod/brandl/data/hires-temp/public/MTQ3ODc5MjI1M2pwZzI=.jpg,0060_kajici-mari-magdalena.jpg
61,Sv. Jan Nepomucký jako almužník,Petr Brandl,http://petrbrandl.eu/lib/mod/brandl/data/hires-temp/public/MTQ3ODc5MjM1NWpwZzI=.jpg,0061_sv-jan-nepomucky-jako-almuznik.jpg
62,Sv. František z Pauly,Petr Brandl,http://petrbrandl.eu/lib/mod/brandl/data/hires-temp/public/MTQ3ODc5MjM5NGpwZzI=.jpg,0062_sv-frantisek-z-pauly.jpg
63,Archanděl Michael s plamenným mečem (nástavec oltáře Sv. Františka z Pauly),Petr Brandl,http://petrbrandl.eu/lib/mod/brandl/data/hires-temp/public/MTQ3ODc5MjQzNGpwZzI=.jpg,0063_archandel-michael-s-plamennym-mecem-nastavec-oltare-sv-frantiska-z-pauly.jpg
64,Apoteóza sv. Jana Nepomuckého,Petr Brandl,http://petrbrandl.eu/lib/mod/brandl/data/hires-temp/public/MTQ3ODc5MjUzMGpwZzI=.jpg,0064_apoteoza-sv-jana-nepomuckeho.jpg
65,Jazyk sv. Jana Nepomuckého (nástavec oltáře Sv. Jana Nepomuckého),Petr Brandl,http://petrbrandl.eu/lib/mod/brandl/data/hires-temp/public/MTQ3ODc5MjU0OWpwZzI=.jpg,0065_jazyk-sv-jana-nepomuckeho-nastavec-oltare-sv-jana-nepomuckeho.jpg
66,U felčara,Petr Brandl,http://petrbrandl.eu/lib/mod/brandl/data/hires-temp/public/MTQ3ODc5MjYzNGpwZzI=.jpg,0066_u-felcara.jpg
67,U mastičkářky,Petr Brandl,http://petrbrandl.eu/lib/mod/brandl/data/hires-temp/public/MTQ3ODc5MjY2N2pwZzI=.jpg,0067_u-mastickarky.jpg
68,Kající se Máří Magdaléna,Petr Brandl - okruh,http://petrbrandl.eu/lib/mod/brandl/data/hires-temp/public/MTQ3ODc5MjY5NWpwZzI=.jpg,0068_kajici-se-mari-magdalena.jpg
69,Panna Marie Bolestná,Petr Brandl,http://petrbrandl.eu/lib/mod/brandl/data/hires-temp/public/MTQ3ODc5MjcyMmpwZzI=.jpg,0069_panna-marie-bolestna.jpg
70,Ukřižovaný Kristus,Petr Brandl,http://petrbrandl.eu/lib/mod/brandl/data/hires-temp/public/MTQ3OTI5MTA4MWpwZzI=.jpg,0070_ukrizovany-kristus.jpg
71,Korunování Panny Marie,Petr Brandl – okruh,http://petrbrandl.eu/lib/mod/brandl/data/hires-temp/public/MTQ3OTI5MTExM2pwZzI=.jpg,0071_korunovani-panny-marie.jpg
72,Sv. Bernard,Petr Brandl,http://petrbrandl.eu/lib/mod/brandl/data/hires-temp/public/MTY2OTI4ODkyOGpwZzI=.jpg,0072_sv-bernard.jpg
73,Panna Marie uděluje škapulíř sv. Šimonu Štokovi,Petr Brandl,http://petrbrandl.eu/lib/mod/brandl/data/hires-temp/public/MTQ3OTI5MTIzNmpwZzI=.jpg,0073_panna-marie-udeluje-skapulir-sv-simonu-stokovi.jpg
74,Júdit před veleknězem,Petr Brandl,http://petrbrandl.eu/lib/mod/brandl/data/hires-temp/public/MTQ3OTI5MTI1N2pwZzI=.jpg,0074_judit-pred-veleknezem.jpg
75,Poprsí apoštola (?) s gestem,Petr Brandl,http://petrbrandl.eu/lib/mod/brandl/data/hires-temp/public/MTQ3OTI5MTI3OGpwZzI=.jpg,0075_poprsi-apostola-s-gestem.jpg
76,Sv. Josef s Ježíškem a anděly,Petr Brandl,http://petrbrandl.eu/lib/mod/brandl/data/hires-temp/public/MTQ3OTI5MTM1MmpwZzI=.jpg,0076_sv-josef-s-jeziskem-a-andely.jpg
77,Zavraždění sv. Václava,Petr Brandl,http://petrbrandl.eu/lib/mod/brandl/data/hires-temp/public/MTQ3OTI5MTQ2MGpwZzI=.jpg,0077_zavrazdeni-sv-vaclava.jpg
78,Všichni svatí s Nejsvětější Trojicí,Petr Brandl,http://petrbrandl.eu/lib/mod/brandl/data/hires-temp/public/MTQ3OTI5MTUxMWpwZzI=.jpg,0078_vsichni-svati-s-nejsvetejsi-trojici.jpg
79,Sv. Linhart navštěvuje vězně se sv. Vavřincem v oblacích,Petr Brandl,http://petrbrandl.eu/lib/mod/brandl/data/hires-temp/public/MTQ3OTI5MTY0NmpwZzI=.jpg,0079_sv-linhart-navstevuje-vezne-se-sv-vavrincem-v-oblacich.jpg
80,Výchova Panny Marie,Petr Brandl,http://petrbrandl.eu/lib/mod/brandl/data/hires-temp/public/MTQ5MDI3NjU3N2pwZzI=.jpg,0080_vychova-panny-marie.jpg
81,Nanebevzetí Panny Marie (Assumpta),Petr Brandl,http://petrbrandl.eu/lib/mod/brandl/data/hires-temp/public/MTQ3OTc0MTMwNWpwZzI=.jpg,0081_nanebevzeti-panny-marie-assumpta.jpg
82,Vidění sv. Terezie,Petr Brandl,http://petrbrandl.eu/lib/mod/brandl/data/hires-temp/public/MTQ3OTgwODAwMmpwZzI=.jpg,0082_videni-sv-terezie.jpg
83,Sv. Josef s Ježíškem a Pannou Marií (sv. Rodina),Petr Brandl,http://petrbrandl.eu/lib/mod/brandl/data/hires-temp/public/MTQ3OTgwODI2MGpwZzI=.jpg,0083_sv-josef-s-jeziskem-a-pannou-marii-sv-rodina.jpg
84,Sv. Jáchym a Anna (Zvěstování Jáchymovi a Anně),Petr Brandl,http://petrbrandl.eu/lib/mod/brandl/data/hires-temp/public/MTQ3OTgwNzk1N2pwZzI=.jpg,0084_sv-jachym-a-anna-zvestovani-jachymovi-a-anne.jpg
85,Bůh Otec (nástavec oltáře sv. Jáchyma a Anny),Petr Brandl,http://petrbrandl.eu/lib/mod/brandl/data/hires-temp/public/MTQ3OTc0MDcxM2pwZzI=.jpg,0085_buh-otec-nastavec-oltare-sv-jachyma-a-anny.jpg
86,Smrt sv. Josefa,Petr Brandl,http://petrbrandl.eu/lib/mod/brandl/data/hires-temp/public/MTQ3OTgwNzg2N2pwZzI=.jpg,0086_smrt-sv-josefa.jpg
87,Sv. Antonín Paduánský s Ježíškem (obraz v nástavci oltáře),Petr Brandl,http://petrbrandl.eu/lib/mod/brandl/data/hires-temp/public/MTQ3OTgwNzkwN2pwZzI=.jpg,0087_sv-antonin-paduansky-s-jeziskem-obraz-v-nastavci-oltare.jpg
88,Panna Marie uděluje škapulíř sv. Šimonu Štokovi,Petr Brandl,http://petrbrandl.eu/lib/mod/brandl/data/hires-temp/public/MTQ3OTc0MTIyMmpwZzI=.jpg,0088_panna-marie-udeluje-skapulir-sv-simonu-stokovi.jpg
89,Sv. Jan Nepomucký (obraz v nástavci),Petr Brandl,http://petrbrandl.eu/lib/mod/brandl/data/hires-temp/public/MTQ3OTgwODEwMWpwZzI=.jpg,0089_sv-jan-nepomucky-obraz-v-nastavci.jpg
90,Sen proroka Eliáše,Petr Brandl,http://petrbrandl.eu/lib/mod/brandl/data/hires-temp/public/MTQ3OTgwNzY5M2pwZzI=.jpg,0090_sen-proroka-eliase.jpg
91,Podobizna pražského arcibiskupa Ferdinanda z Khuenburgu,Petr Brandl,http://petrbrandl.eu/lib/mod/brandl/data/hires-temp/public/MTQ3OTc0MTM5N2pwZzI=.jpg,0091_podobizna-prazskeho-arcibiskupa-ferdinanda-z-khuenburgu.jpg
92,Sv. Pavel,Petr Brandl,http://petrbrandl.eu/lib/mod/brandl/data/hires-temp/public/MTQ3OTgwODE0MmpwZzI=.jpg,0092_sv-pavel.jpg
93,Sv. Petr,Petr Brandl,http://petrbrandl.eu/lib/mod/brandl/data/hires-temp/public/MTQ3OTgwODE4MmpwZzI=.jpg,0093_sv-petr.jpg
94,Zázrak Panny Marie Rottenburské,Petr Brandl (dokončil Jan Jiří Schmidt),http://petrbrandl.eu/lib/mod/brandl/data/hires-temp/public/MTQ3OTc0MTc4MGpwZzI=.jpg,0094_zazrak-panny-marie-rottenburske.jpg
95,Panna Marie s Ježíškem a sv. Josefem zachraňují duše v očistci,Petr Brandl,http://petrbrandl.eu/lib/mod/brandl/data/hires-temp/public/MTQ3OTc0MTM2OWpwZzI=.jpg,0095_panna-marie-s-jeziskem-a-sv-josefem-zachranuji-duse-v-ocistci.jpg
96,Stigmatizace sv.  Františka z Assisi,Petr Brandl,http://petrbrandl.eu/lib/mod/brandl/data/hires-temp/public/MTQ3OTc0MTU2M2pwZzI=.jpg,0096_stigmatizace-sv-frantiska-z-assisi.jpg
97,Křest Kristův,Petr Brandl,http://petrbrandl.eu/lib/mod/brandl/data/hires-temp/public/MTQ3OTc0MTE3OGpwZzI=.jpg,0097_krest-kristuv.jpg
98,Setkání sv. Vojtěcha s knížetem Boleslavem II. u břevnovské studánky (založení Břevnovského kláštera),Petr Brandl,http://petrbrandl.eu/lib/mod/brandl/data/hires-temp/public/MTQ3OTc0MTU5M2pwZzI=.jpg,0098_setkani-sv-vojtecha-s-knizetem-boleslavem-ii-u-brevnovske-studanky-zalozeni-brevnovskeho-klastera.jpg
99,Smrt poustevníka Vintíře,Petr Brandl,http://petrbrandl.eu/lib/mod/brandl/data/hires-temp/public/MTQ3OTc0MTYyMmpwZzI=.jpg,0099_smrt-poustevnika-vintire.jpg
100,Sv. Prokop nutí ďábla orat,Petr Brandl,http://petrbrandl.eu/lib/mod/brandl/data/hires-temp/public/MTQ3OTc0MTY1OGpwZzI=.jpg,0100_sv-prokop-nuti-dabla-orat.jpg
101,Zavraždění sv. Václava,Petr Brandl,http://petrbrandl.eu/lib/mod/brandl/data/hires-temp/public/MTQ3OTc0MTY4N2pwZzI=.jpg,0101_zavrazdeni-sv-vaclava.jpg
102,Nalezení a převezení ostatků sv. Otmara z ostrova Werd do svatohavelského kláštera (Oslavení sv. Otmara),Petr Brandl,http://petrbrandl.eu/lib/mod/brandl/data/hires-temp/public/MTY2OTMxMzAxM2pwZzI=.jpg,0102_nalezeni-a-prevezeni-ostatku-sv-otmara-z-ostrova-werd-do-svatohavelskeho-klastera-oslaveni-sv-otmara.jpg
103,Smrt sv. Benedikta,Petr Brandl,http://petrbrandl.eu/lib/mod/brandl/data/hires-temp/public/MTQ3OTc0MTcxNWpwZzI=.jpg,0103_smrt-sv-benedikta.jpg
104,Ukřižování s Pannou Marií Bolestnou,Petr Brandl,http://petrbrandl.eu/lib/mod/brandl/data/hires-temp/public/MTQ3OTc0MTc1MGpwZzI=.jpg,0104_ukrizovani-s-pannou-marii-bolestnou.jpg
105,Klanění pastýřů,Petr Brandl,http://petrbrandl.eu/lib/mod/brandl/data/hires-temp/public/MTQ3OTc0MTA5NmpwZzI=.jpg,0105_klaneni-pastyru.jpg
106,Klanění tří králů,Petr Brandl,http://petrbrandl.eu/lib/mod/brandl/data/hires-temp/public/MTQ3OTc0MTExOGpwZzI=.jpg,0106_klaneni-tri-kralu.jpg
107,Uzdravení slepého Tobiáše,Petr Brandl,http://petrbrandl.eu/lib/mod/brandl/data/hires-temp/public/MTQ5MDI3NzIzMmpwZzI=.jpg,0107_uzdraveni-slepeho-tobiase.jpg
108,Panna Marie s Ježíškem,Petr Brandl,http://petrbrandl.eu/lib/mod/brandl/data/hires-temp/public/MTQ5MDI3NzQ2M2pwZzI=.jpg,0108_panna-marie-s-jeziskem.jpg
109,Sv. Antonín Paduánský s Ježíškem,Petr Brandl,http://petrbrandl.eu/lib/mod/brandl/data/hires-temp/public/MTQ3ODI2NzkwNWpwZzI=.jpg,0109_sv-antonin-paduansky-s-jeziskem.jpg
111,Jákob přijímá Josefovo zkrvavené roucho,Petr Brandl,http://petrbrandl.eu/lib/mod/brandl/data/hires-temp/public/MTQ3ODI2NzE0MWpwZzI=.jpg,0111_jakob-prijima-josefovo-zkrvavene-roucho.jpg
112,Kimon a Pera (Caritas Romana),Petr Brandl,http://petrbrandl.eu/lib/mod/brandl/data/hires-temp/public/MTQ3ODI2NzMyMmpwZzI=.jpg,0112_kimon-a-pera-caritas-romana.jpg
113,Vlastní podobizna (zv. Lobkovická),Petr Brandl,http://petrbrandl.eu/lib/mod/brandl/data/hires-temp/public/MTQ3OTgyOTUxNWpwZzI=.jpg,0113_vlastni-podobizna-zv-lobkovicka.jpg
114,Podobizna staršího muže v hnědém plášti,Petr Brandl,http://petrbrandl.eu/lib/mod/brandl/data/hires-temp/public/MTQ3ODI2NzczMGpwZzI=.jpg,0114_podobizna-starsiho-muze-v-hnedem-plasti.jpg
115,Zvěstování Panně Marii: Panna Marie,Petr Brandl,http://petrbrandl.eu/lib/mod/brandl/data/hires-temp/public/MTc1MjE1MzUwMWpwZzI=.jpg,0115_zvestovani-panne-marii-panna-marie.jpg
116,Zvěstování Panně Marii: Archanděl Gabriel,Petr Brandl,http://petrbrandl.eu/lib/mod/brandl/data/hires-temp/public/MTQ3ODI2ODEwMmpwZzI=.jpg,0116_zvestovani-panne-marii-archandel-gabriel.jpg
117,Kající se Máří Magdaléna,Petr Brandl,http://petrbrandl.eu/lib/mod/brandl/data/hires-temp/public/MTQ3ODI2NzE1OWpwZzI=.jpg,0117_kajici-se-mari-magdalena.jpg
118,Lot a jeho dcery,Petr Brandl,http://petrbrandl.eu/lib/mod/brandl/data/hires-temp/public/MTQ3ODI2NzM0N2pwZzI=.jpg,0118_lot-a-jeho-dcery.jpg
119,Podobizna šlechtice v modrém plášti,Petr Brandl,http://petrbrandl.eu/lib/mod/brandl/data/hires-temp/public/MTQ3ODI2NzYxNWpwZzI=.jpg,0119_podobizna-slechtice-v-modrem-plasti.jpg
120,Sv. Pavel,Petr Brandl,http://petrbrandl.eu/lib/mod/brandl/data/hires-temp/public/MTQ3ODI2ODAzNWpwZzI=.jpg,0120_sv-pavel.jpg
121,Sv. Petr,Petr Brandl,http://petrbrandl.eu/lib/mod/brandl/data/hires-temp/public/MTQ3OTk3ODcwOGpwZzI=.jpg,0121_sv-petr.jpg
122,Podobizna mladého muže s gestem na prstech,Petr Brandl,http://petrbrandl.eu/lib/mod/brandl/data/hires-temp/public/MTQ5MDI3NzY2N2pwZzI=.jpg,0122_podobizna-mladeho-muze-s-gestem-na-prstech.jpg
123,Hlava apoštola,Petr Brandl – okruh,http://petrbrandl.eu/lib/mod/brandl/data/hires-temp/public/MTQ3ODI2NzEyMmpwZzI=.jpg,0123_hlava-apostola.jpg
124,Návrat ztraceného syna,Petr Brandl,http://petrbrandl.eu/lib/mod/brandl/data/hires-temp/public/MTQ3ODI2NzM4OGpwZzI=.jpg,0124_navrat-ztraceneho-syna.jpg
126,Podobizna staršího muže,Petr Brandl,http://petrbrandl.eu/lib/mod/brandl/data/hires-temp/public/MTQ3ODI2NzY0OWpwZzI=.jpg,0126_podobizna-starsiho-muze.jpg
128,Podobizna muže,Petr Brandl,http://petrbrandl.eu/lib/mod/brandl/data/hires-temp/public/MTQ3ODI2NzUzMWpwZzI=.jpg,0128_podobizna-muze.jpg
129,Vlastní podobizna s gestem rukou,Petr Brandl,http://petrbrandl.eu/lib/mod/brandl/data/hires-temp/public/MTQ3ODI2ODA2MmpwZzI=.jpg,0129_vlastni-podobizna-s-gestem-rukou.jpg
130,Poprsí apoštola (?) s gestem,Petr Brandl,http://petrbrandl.eu/lib/mod/brandl/data/hires-temp/public/MTQ3ODI2Nzc2MWpwZzI=.jpg,0130_poprsi-apostola-s-gestem.jpg
131,Simeon s Ježíškem,Petr Brandl,http://petrbrandl.eu/lib/mod/brandl/data/hires-temp/public/MTc1MjE1NDIxMmpwZzI=.jpg,0131_simeon-s-jeziskem.jpg
132,Podobizna šlechtice v bílé paruce,Petr Brandl,http://petrbrandl.eu/lib/mod/brandl/data/hires-temp/public/MTQ3ODI2NzQyOWpwZzI=.jpg,0132_podobizna-slechtice-v-bile-paruce.jpg
133,Podobizna šlechtice,Petr Brandl,http://petrbrandl.eu/lib/mod/brandl/data/hires-temp/public/MTQ3ODI2NzU5MWpwZzI=.jpg,0133_podobizna-slechtice.jpg
134,Požár Sodomy a Gomory,Petr Brandl,http://petrbrandl.eu/lib/mod/brandl/data/hires-temp/public/MTQ3OTc0MTQ1MmpwZzI=.jpg,0134_pozar-sodomy-a-gomory.jpg
135,Požár Tróje,Petr Brandl,http://petrbrandl.eu/lib/mod/brandl/data/hires-temp/public/MTQ3OTc0MTQ3NGpwZzI=.jpg,0135_pozar-troje.jpg
136,Právní porada (svatební smlouva),Petr Brandl,http://petrbrandl.eu/lib/mod/brandl/data/hires-temp/public/MTQ3OTc0MTQ5OGpwZzI=.jpg,0136_pravni-porada-svatebni-smlouva.jpg
137,Sv. Pavel,Petr Brandl,http://petrbrandl.eu/lib/mod/brandl/data/hires-temp/public/MTQ3OTgyOTEwNmpwZzI=.jpg,0137_sv-pavel.jpg
138,Dívka kupující drůbež (Prodavač drůbeže),Petr Brandl – okruh,http://petrbrandl.eu/lib/mod/brandl/data/hires-temp/public/MTQ3OTgyNzc5NGpwZzI=.jpg,0138_divka-kupujici-drubez-prodavac-drubeze.jpg
139,Stařena kupující zajíce,Petr Brandl – okruh,http://petrbrandl.eu/lib/mod/brandl/data/hires-temp/public/MTQ3OTgyODM5OGpwZzI=.jpg,0139_starena-kupujici-zajice.jpg
140,Sv. Pavel,Petr Brandl,http://petrbrandl.eu/lib/mod/brandl/data/hires-temp/public/MTQ3OTgyOTEzMmpwZzI=.jpg,0140_sv-pavel.jpg
141,Sv. Petr,Petr Brandl,http://petrbrandl.eu/lib/mod/brandl/data/hires-temp/public/MTQ3OTgyOTE2OGpwZzI=.jpg,0141_sv-petr.jpg
142,Kuřák,Petr Brandl,http://petrbrandl.eu/lib/mod/brandl/data/hires-temp/public/MTQ3OTgyODE0OGpwZzI=.jpg,0142_kurak.jpg
143,Vlastní podobizna v paruce (zv. Strahovská),Petr Brandl,http://petrbrandl.eu/lib/mod/brandl/data/hires-temp/public/MTQ3OTgyOTU1NGpwZzI=.jpg,0143_vlastni-podobizna-v-paruce-zv-strahovska.jpg
144,Sv. Josef s Ježíškem s andělem,Petr Brandl,http://petrbrandl.eu/lib/mod/brandl/data/hires-temp/public/MTQ3OTgyOTA3N2pwZzI=.jpg,0144_sv-josef-s-jeziskem-s-andelem.jpg
145,Umučení sv. Vavřince,Petr Brandl,http://petrbrandl.eu/lib/mod/brandl/data/hires-temp/public/MTQ3OTgyOTMzN2pwZzI=.jpg,0145_umuceni-sv-vavrince.jpg
146,Nalezení těla sv. Jana Nepomuckého,Petr Brandl – kopie podle,http://petrbrandl.eu/lib/mod/brandl/data/hires-temp/public/MTQ3OTgyODE2N2pwZzI=.jpg,0146_nalezeni-tela-sv-jana-nepomuckeho.jpg
148,Hlava starce v profilu,Petr Brandl,http://petrbrandl.eu/lib/mod/brandl/data/hires-temp/public/MTQ5MDI3NDAzMWpwZzI=.jpg,0148_hlava-starce-v-profilu.jpg
149,Tři putti (Tři dětské postavy),Petr Brandl,http://petrbrandl.eu/lib/mod/brandl/data/hires-temp/public/MTQ3OTgyNzY0M2pwZzI=.jpg,0149_tri-putti-tri-detske-postavy.jpg
150,Rodinná podobizna Ferdinanda Hroznaty hr. Kokořovského z Kokořova s dcerami a syny,Petr Brandl,http://petrbrandl.eu/lib/mod/brandl/data/hires-temp/public/MTQ3OTgyODMxNmpwZzI=.jpg,0150_rodinna-podobizna-ferdinanda-hroznaty-hr-kokorovskeho-z-kokorova-s-dcerami-a-syny.jpg
151,Svatá Rodina,Petr Brandl,http://petrbrandl.eu/lib/mod/brandl/data/hires-temp/public/MTQ3OTgyOTQxNGpwZzI=.jpg,0151_svata-rodina.jpg
152,Nanebevzetí Panny Marie,Petr Brandl,http://petrbrandl.eu/lib/mod/brandl/data/hires-temp/public/MTQ3OTgyODE5NmpwZzI=.jpg,0152_nanebevzeti-panny-marie.jpg
153,Nanebevzetí Panny Marie (Assumpta),Petr Brandl – dílna,http://petrbrandl.eu/lib/mod/brandl/data/hires-temp/public/MTQ3OTgyNzUyOGpwZzI=.jpg,0153_nanebevzeti-panny-marie-assumpta.jpg
154,Smrt sv. Františka Xaverského,Petr Brandl,http://petrbrandl.eu/lib/mod/brandl/data/hires-temp/public/MTQ3OTgyODM4MGpwZzI=.jpg,0154_smrt-sv-frantiska-xaverskeho.jpg
155,Kristus na hoře Olivetské,Petr Brandl,http://petrbrandl.eu/lib/mod/brandl/data/hires-temp/public/MTQ3OTgyODEyOGpwZzI=.jpg,0155_kristus-na-hore-olivetske.jpg
156,Klanění tří králů,Petr Brandl,http://petrbrandl.eu/lib/mod/brandl/data/hires-temp/public/MTQ3OTgyNzg3OGpwZzI=.jpg,0156_klaneni-tri-kralu.jpg
157,Sv. Blažej uzdravuje nemocnou dívku,Petr Brandl,http://petrbrandl.eu/lib/mod/brandl/data/hires-temp/public/MTQ3OTgyODk5NWpwZzI=.jpg,0157_sv-blazej-uzdravuje-nemocnou-divku.jpg
158,Sv. Josef s Ježíškem,Petr Brandl,http://petrbrandl.eu/lib/mod/brandl/data/hires-temp/public/MTQ3OTgyOTA1NWpwZzI=.jpg,0158_sv-josef-s-jeziskem.jpg
159,Hlava apoštola,Petr Brandl,http://petrbrandl.eu/lib/mod/brandl/data/hires-temp/public/MTQ3OTgyNzgxM2pwZzI=.jpg,0159_hlava-apostola.jpg
160,David s hlavou Goliášovou,Petr Brandl,http://petrbrandl.eu/lib/mod/brandl/data/hires-temp/public/MTQ3OTgyNzcxN2pwZzI=.jpg,0160_david-s-hlavou-goliasovou.jpg
161,Zvěstování Panně Marii,Petr Brandl,http://petrbrandl.eu/lib/mod/brandl/data/hires-temp/public/MTQ3OTgyOTY1OGpwZzI=.jpg,0161_zvestovani-panne-marii.jpg
162,Zvěstování Panně Marii: Archanděl Gabriel,Petr Brandl,http://petrbrandl.eu/lib/mod/brandl/data/hires-temp/public/MTQ3OTgyOTU4MmpwZzI=.jpg,0162_zvestovani-panne-marii-archandel-gabriel.jpg
163,Zvěstování Panně Marii: Panna Marie,Petr Brandl,http://petrbrandl.eu/lib/mod/brandl/data/hires-temp/public/MTQ3OTgyOTU5NWpwZzI=.jpg,0163_zvestovani-panne-marii-panna-marie.jpg
164,Sv. Jakub Větší,Petr Brandl,http://petrbrandl.eu/lib/mod/brandl/data/hires-temp/public/MTQ3OTgyOTAyMGpwZzI=.jpg,0164_sv-jakub-vetsi.jpg
165,Sv. Petr,Petr Brandl,http://petrbrandl.eu/lib/mod/brandl/data/hires-temp/public/MTQ5MDI3NTU4OGpwZzI=.jpg,0165_sv-petr.jpg
166,Vlastní podobizna (zv. Vídeňská),Petr Brandl,http://petrbrandl.eu/lib/mod/brandl/data/hires-temp/public/MTQ4OTUwMTI1M2pwZzI=.jpg,0166_vlastni-podobizna-zv-videnska.jpg
167,Nanebevzetí Panny Marie,Petr Brandl,http://petrbrandl.eu/lib/mod/brandl/data/hires-temp/public/MTQ3OTgyODIyMGpwZzI=.jpg,0167_nanebevzeti-panny-marie.jpg
168,Uzdravení slepého Tobiáše,Petr Brandl,http://petrbrandl.eu/lib/mod/brandl/data/hires-temp/public/MTQ3OTgyOTQ0NWpwZzI=.jpg,0168_uzdraveni-slepeho-tobiase.jpg
169,Tři ženy a lovec,Petr Brandl,http://petrbrandl.eu/lib/mod/brandl/data/hires-temp/public/MTQ3OTgyOTM4M2pwZzI=.jpg,0169_tri-zeny-a-lovec.jpg
170,Umučení sv. Vavřince,Petr Brandl,http://petrbrandl.eu/lib/mod/brandl/data/hires-temp/public/MTQ4OTUwMTExMWpwZzI=.jpg,0170_umuceni-sv-vavrince.jpg
174,Klečící světec (sv. Petr),Petr Brandl - připsáno,http://petrbrandl.eu/lib/mod/brandl/data/hires-temp/public/MTQ4OTUwMjM4NWpwZzI=.jpg,0174_klecici-svetec-sv-petr.jpg
175,Studie k poprsí Panny Marie,Petr Brandl (?),http://petrbrandl.eu/lib/mod/brandl/data/hires-temp/public/MTQ5MDI3NjQ4M2pwZzI=.jpg,0175_studie-k-poprsi-panny-marie.jpg
176,Sv. Josef s Ježíškem a Panna Marie,Petr Brandl,http://petrbrandl.eu/lib/mod/brandl/data/hires-temp/public/MTQ4OTUwMTA1M2pwZzI=.jpg,0176_sv-josef-s-jeziskem-a-panna-marie.jpg
177,Studie dětských hlav a rukou podle sádrových odlitků,Petr Brandl ?,http://petrbrandl.eu/lib/mod/brandl/data/hires-temp/public/MTQ4ODIwNzMzMWpwZzI=.jpg,0177_studie-detskych-hlav-a-rukou-podle-sadrovych-odlitku.jpg
178,Studie tří dětských a tří dívčích hlav,Petr Brandl,http://petrbrandl.eu/lib/mod/brandl/data/hires-temp/public/MTQ4ODIwODM3NWpwZzI=.jpg,0178_studie-tri-detskych-a-tri-divcich-hlav.jpg
179,Studie sedící ženské postavy,Petr Brandl,http://petrbrandl.eu/lib/mod/brandl/data/hires-temp/public/MTQ4ODIwODMxOGpwZzI=.jpg,0179_studie-sedici-zenske-postavy.jpg
180,Studie tří andílčích hlav,Petr Brandl,http://petrbrandl.eu/lib/mod/brandl/data/hires-temp/public/MTQ4ODIwODM1NWpwZzI=.jpg,0180_studie-tri-andilcich-hlav.jpg
181,Náčrt k podobizně muže,Petr Brandl,http://petrbrandl.eu/lib/mod/brandl/data/hires-temp/public/MTQ4ODIwODEyOGpwZzI=.jpg,0181_nacrt-k-podobizne-muze.jpg
182,Studie k podobizně muže,Petr Brandl,http://petrbrandl.eu/lib/mod/brandl/data/hires-temp/public/MTQ4ODIwODIxNWpwZzI=.jpg,0182_studie-k-podobizne-muze.jpg
183,Studie (skica) rukou,Petr Brandl - asi,http://petrbrandl.eu/lib/mod/brandl/data/hires-temp/public/MTQ4ODIwNzgxNWpwZzI=.jpg,0183_studie-skica-rukou.jpg
184,Studie rukou se šátkem,Petr Brandl,http://petrbrandl.eu/lib/mod/brandl/data/hires-temp/public/MTQ4ODIwODI5NWpwZzI=.jpg,0184_studie-rukou-se-satkem.jpg
185,Sv. Petr Tomáš z řádu karmelitánů před sochou Madony,Petr Brandl,http://petrbrandl.eu/lib/mod/brandl/data/hires-temp/public/MTQ4ODIwODQ2OWpwZzI=.jpg,0185_sv-petr-tomas-z-radu-karmelitanu-pred-sochou-madony.jpg
186,Klanění pastýřů,Petr Brandl,http://petrbrandl.eu/lib/mod/brandl/data/hires-temp/public/MTQ4ODIwNzk5NWpwZzI=.jpg,0186_klaneni-pastyru.jpg
187,Anděl s kalichem,Petr Brandl - připsáno,http://petrbrandl.eu/lib/mod/brandl/data/hires-temp/public/MTQ4ODIwNzY3NmpwZzI=.jpg,0187_andel-s-kalichem.jpg
188,Klečící světec,Petr Brandl,http://petrbrandl.eu/lib/mod/brandl/data/hires-temp/public/MTQ4ODIwODA0OWpwZzI=.jpg,0188_klecici-svetec.jpg
189,Studie k podobizně muže v alonžové paruce,Petr Brandl ?,http://petrbrandl.eu/lib/mod/brandl/data/hires-temp/public/MTQ4ODIwNzIyMWpwZzI=.jpg,0189_studie-k-podobizne-muze-v-alonzove-paruce.jpg
190,Sen proroka Eliáše,Petr Brandl – okruh,http://petrbrandl.eu/lib/mod/brandl/data/hires-temp/public/MTQ4ODIwNzU5MGpwZzI=.jpg,0190_sen-proroka-eliase.jpg
191,Sen proroka Eliáše,Petr Brandl?,http://petrbrandl.eu/lib/mod/brandl/data/hires-temp/public/MTQ4ODIwNzQwNGpwZzI=.jpg,0191_sen-proroka-eliase.jpg
192,Studie rukou,Petr Brandl,http://petrbrandl.eu/lib/mod/brandl/data/hires-temp/public/MTQ4ODIwODI0OWpwZzI=.jpg,0192_studie-rukou.jpg
193,Ukřižování s Máří Magdalénou,Petr Brandl,http://petrbrandl.eu/lib/mod/brandl/data/hires-temp/public/MTQ4ODIwNzg4N2pwZzI=.jpg,0193_ukrizovani-s-mari-magdalenou.jpg
194,Loučení sv. Petra a Pavla,Petr Brandl - okruh,http://petrbrandl.eu/lib/mod/brandl/data/hires-temp/public/MTQ4ODIwNzc0OGpwZzI=.jpg,0194_louceni-sv-petra-a-pavla.jpg
195,Sv. Václav s korouhví,Petr Brandl?,http://petrbrandl.eu/lib/mod/brandl/data/hires-temp/public/MTQ4ODIwODUyMGpwZzI=.jpg,0195_sv-vaclav-s-korouhvi.jpg
196,Sv. Barbora v oblacích,Petr Brandl?,http://petrbrandl.eu/lib/mod/brandl/data/hires-temp/public/MTQ4ODIwODQwN2pwZzI=.jpg,0196_sv-barbora-v-oblacich.jpg
197,Sv. Roch,Petr Brandl?,http://petrbrandl.eu/lib/mod/brandl/data/hires-temp/public/MTQ4ODIwODQ5NmpwZzI=.jpg,0197_sv-roch.jpg
198,Sv. Jan Nepomucký před staroboleslavským Palladiem,Petr Brandl - okruh,http://petrbrandl.eu/lib/mod/brandl/data/hires-temp/public/MTQ4ODIwODQzMmpwZzI=.jpg,0198_sv-jan-nepomucky-pred-staroboleslavskym-palladiem.jpg
199,Portrét Petra Brandla podle kresby Jana Tomáše Kleinhardta,Jan Jiří Balzer (Paltzer),http://petrbrandl.eu/lib/mod/brandl/data/hires-temp/public/MTQ4OTUwMDM2NmpwZzI=.jpg,0199_portret-petra-brandla-podle-kresby-jana-tomase-kleinhardta.jpg
200,Klanění pastýřů,Jan Jiří Balzer (Paltzer) podle Petra Brandla,http://petrbrandl.eu/lib/mod/brandl/data/hires-temp/public/MTQ4OTUwMDQwNmpwZzI=.jpg,0200_klaneni-pastyru.jpg
201,Podobizna Leopolda hraběte Šlika,"Antonín Birckhardt (Birckhart, Birckart aj.) podle Petra Brandla",http://petrbrandl.eu/lib/mod/brandl/data/hires-temp/public/MTQ4OTQ5OTkxMGpwZzI=.jpg,0201_podobizna-leopolda-hrabete-slika.jpg
202,Podobizna Františka Josefa Hraběte Černína z Chudenic,"Antonín Birckhardt (Birckhart, Birckart aj.) podle Petra Brandla",http://petrbrandl.eu/lib/mod/brandl/data/hires-temp/public/MTQ4OTQ5OTc4OGpwZzI=.jpg,0202_podobizna-frantiska-josefa-hrabete-cernina-z-chudenic.jpg
203,Podobizna papeže Benedikta XIII.,"Antonín Birckhardt (Birckhart, Birckart aj.) podle Petra Brandla",http://petrbrandl.eu/lib/mod/brandl/data/hires-temp/public/MTQ4OTQ5OTk0MGpwZzI=.jpg,0203_podobizna-papeze-benedikta-xiii.jpg
204,Podobizna Jana Josefa hraběte z Valdštejna (1684–1731),"Antonín Birckhardt (Birckhart, Birckart aj.) podle Petra Brandla",http://petrbrandl.eu/lib/mod/brandl/data/hires-temp/public/MTQ4OTQ5OTgyOWpwZzI=.jpg,0204_podobizna-jana-josefa-hrabete-z-valdstejna-16841731.jpg
205,Podobizna Jana Rudolfa Wolbrama Brandlinského,"Antonín Birckhardt (Birckhart, Birckart aj.) podle Petra Brandla",http://petrbrandl.eu/lib/mod/brandl/data/hires-temp/public/MTQ4OTQ5OTg2OGpwZzI=.jpg,0205_podobizna-jana-rudolfa-wolbrama-brandlinskeho.jpg
206,Podobizna chirurga Ferdinanda Schobera,"Antonín Birckhardt (Birckhart, Birckart aj.) podle Petra Brandla",http://petrbrandl.eu/lib/mod/brandl/data/hires-temp/public/MTQ4OTQ5OTY5MmpwZzI=.jpg,0206_podobizna-chirurga-ferdinanda-schobera.jpg
207,Podobizna Dominika à Jesu Maria,"Antonín Birckhardt (Birckhart, Birckart aj.) podle Petra Brandla",http://petrbrandl.eu/lib/mod/brandl/data/hires-temp/public/MTQ4OTQ5OTc1NmpwZzI=.jpg,0207_podobizna-dominika-a-jesu-maria.jpg
208,Apoteóza sv. Vavřince: Teze Innocence Caesara von Adlerstein z Libochovic,Gottlieb Heuss (Heiss) I podle Petra Brandla,http://petrbrandl.eu/lib/mod/brandl/data/hires-temp/public/MTQ4OTUwMDIzNGpwZzI=.jpg,0208_apoteoza-sv-vavrince-teze-innocence-caesara-von-adlerstein-z-libochovic.jpg
209,Podobizna pražského arcibiskupa Ferdinanda hraběte z Khuenburgu,Johann Kenckel podle Petra Brandla,http://petrbrandl.eu/lib/mod/brandl/data/hires-temp/public/MTQ4OTUwMDQ0MGpwZzI=.jpg,0209_podobizna-prazskeho-arcibiskupa-ferdinanda-hrabete-z-khuenburgu.jpg
210,Ukřižování s Pannou Marií Bolestnou a sv. Janem: Teze Václava Schucha z Klatov,Josef Sebestian Klauber podle Petra Brandla,http://petrbrandl.eu/lib/mod/brandl/data/hires-temp/public/MTQ4OTUwMDQ4NGpwZzI=.jpg,0210_ukrizovani-s-pannou-marii-bolestnou-a-sv-janem-teze-vaclava-schucha-z-klatov.jpg
211,Nalezení těla sv. Jana Nepomuckého,Antonin Jan Mansfeld podle Petra Brandla,http://petrbrandl.eu/lib/mod/brandl/data/hires-temp/public/MTQ4OTUwMDAxNWpwZzI=.jpg,0211_nalezeni-tela-sv-jana-nepomuckeho.jpg
212,Ukřižování s Pannou Marií Bolestnou a sv. Janem,Michael Jindřich Rentz (Renz) podle Antonína Hiebla podle Petra Brandla,http://petrbrandl.eu/lib/mod/brandl/data/hires-temp/public/MTQ4OTUwMDgyM2pwZzI=.jpg,0212_ukrizovani-s-pannou-marii-bolestnou-a-sv-janem.jpg
213,Sv. Jan Nepomucký jako almužník,Michael Jindřich Rentz (Renz) podle antonína Hiebla podle Petra Brandla,http://petrbrandl.eu/lib/mod/brandl/data/hires-temp/public/MTQ4OTUwMDc4MWpwZzI=.jpg,0213_sv-jan-nepomucky-jako-almuznik.jpg
214,Zázrak Panny Marie Rottenburské,Michael Jindřich Rentz (Renz)? podle antonína Hiebla podle Petra Brandla,http://petrbrandl.eu/lib/mod/brandl/data/hires-temp/public/MTQ4OTUwMDg0OGpwZzI=.jpg,0214_zazrak-panny-marie-rottenburske.jpg
215,Panna Marie se zjevuje sv. Petru Tomášovi,Baltazar Van Westerhout podle Petra Brandla,http://petrbrandl.eu/lib/mod/brandl/data/hires-temp/public/MTQ4OTUwMDExM2pwZzI=.jpg,0215_panna-marie-se-zjevuje-sv-petru-tomasovi.jpg
216,Vize sv. Anny,Petr Brandl,http://petrbrandl.eu/lib/mod/brandl/data/hires-temp/public/MTQ5MDI3NjUyMWpwZzI=.jpg,0216_vize-sv-anny.jpg
218,Umučení sv. Bartoloměje,Petr Brandl,http://petrbrandl.eu/lib/mod/brandl/data/hires-temp/public/MTQ4OTUwMTA4N2pwZzI=.jpg,0218_umuceni-sv-bartolomeje.jpg
219,Kytice ve váze I (Zátiší s květinami ve váze se dvěma mrtvými hýly),Jan Vojtěch Angermayer a Petr Brandl,http://petrbrandl.eu/lib/mod/brandl/data/hires-temp/public/MTQ4OTUwMTg1M2pwZzI=.jpg,0219_kytice-ve-vaze-i-zatisi-s-kvetinami-ve-vaze-se-dvema-mrtvymi-hyly.jpg
220,Kytice ve váze II (Zátiší s květinami ve váze s mrtvým strakapoudem a pěnkavou),Jan Vojtěch Angermayer a Petr Brandl,http://petrbrandl.eu/lib/mod/brandl/data/hires-temp/public/MTQ4OTUwMTg3OGpwZzI=.jpg,0220_kytice-ve-vaze-ii-zatisi-s-kvetinami-ve-vaze-s-mrtvym-strakapoudem-a-penkavou.jpg
221,Obětování v chrámě,Brandlův žák nebo následovník,http://petrbrandl.eu/lib/mod/brandl/data/hires-temp/public/MTQ4OTUwMDE1MWpwZzI=.jpg,0221_obetovani-v-chrame.jpg
222,Poslední večeře,Petr Brandl a Michael Václav Halbax,http://petrbrandl.eu/lib/mod/brandl/data/hires-temp/public/MTQ4OTUwMTM1NmpwZzI=.jpg,0222_posledni-vecere.jpg
223,Sv. Jan Nepomucký adoruje Palladium země české,Petr Brandl,http://petrbrandl.eu/lib/mod/brandl/data/hires-temp/public/MTQ5MDI3Nzg3OGpwZzI=.jpg,0223_sv-jan-nepomucky-adoruje-palladium-zeme-ceske.jpg
224,Podobizna Františka Josefa hraběte Černína,Kopie podle Petra Brandla,http://petrbrandl.eu/lib/mod/brandl/data/hires-temp/public/MTQ4OTUwMDY5N2pwZzI=.jpg,0224_podobizna-frantiska-josefa-hrabete-cernina.jpg
225,"Podobizna manželky Františka Josefa hraběte Černína, Marie Isabelly, markýzy z Westerloo",Kopie podle Petra Brandla,http://petrbrandl.eu/lib/mod/brandl/data/hires-temp/public/MTQ4OTUwMDc0OGpwZzI=.jpg,0225_podobizna-manzelky-frantiska-josefa-hrabete-cernina-marie-isabelly-markyzy-z-westerloo.jpg
226,Nanebevzetí Panny Marie (Assumpta),Kopie podle Petra Brandla,http://petrbrandl.eu/lib/mod/brandl/data/hires-temp/public/MTQ4OTUwMDU0M2pwZzI=.jpg,0226_nanebevzeti-panny-marie-assumpta.jpg
231,Alegorie sochařství,Petr Brandl,http://petrbrandl.eu/lib/mod/brandl/data/hires-temp/public/MTQ5MDI3NjQ0NGpwZzI=.jpg,0231_alegorie-socharstvi.jpg
232,Jákob přijímá Josefovo zkrvavené roucho,Petr Brandl - replika,http://petrbrandl.eu/lib/mod/brandl/data/hires-temp/public/MTQ5MDI3NjM5NGpwZzI=.jpg,0232_jakob-prijima-josefovo-zkrvavene-roucho.jpg
236,Nanebevzetí Panny Marie (Assumpta),Petr Brandl – kopie podle,http://petrbrandl.eu/lib/mod/brandl/data/hires-temp/public/MTQ5MDk2NjM2N2pwZzI=.jpg,0236_nanebevzeti-panny-marie-assumpta.jpg
237,Sv. Marek,Petr Brandl,http://petrbrandl.eu/lib/mod/brandl/data/hires-temp/public/MTQ5MDk2NjExN2pwZzI=.jpg,0237_sv-marek.jpg
238,Sv. Antonín Paduánský s Ježíškem,Petr Brandl,http://petrbrandl.eu/lib/mod/brandl/data/hires-temp/public/MTQ5MjUyMTkzNWpwZzI=.jpg,0238_sv-antonin-paduansky-s-jeziskem.jpg
239,Kající se Máří Magdaléna,Kopie podle Petra Brandla,http://petrbrandl.eu/lib/mod/brandl/data/hires-temp/public/MTQ5NjEzODI4MmpwZzI=.jpg,0239_kajici-se-mari-magdalena.jpg
240,Křest Kristův,Petr Brandl,http://petrbrandl.eu/lib/mod/brandl/data/hires-temp/public/MTUxMDc0MDIxMGpwZzI=.jpg,0240_krest-kristuv.jpg
242,Vlastní podobizna,Kopie podle Petra Brandla,http://petrbrandl.eu/lib/mod/brandl/data/hires-temp/public/MTU5Nzc1Mjg4NWpwZzI=.jpg,0242_vlastni-podobizna.jpg
248,Assumpta,Petr Brandl,http://petrbrandl.eu/lib/mod/brandl/data/hires-temp/public/MTc1ODc4OTY3MmpwZzI=.jpg,0248_assumpta.jpg
